"episode","link"
"1","https://open.spotify.com/episode/1RW0p9qbuDjrgaXl0Fccqy?si=S6gXcXMLTZyq3S6vDadP8g"
"2","https://open.spotify.com/episode/15RbLSC6kTKKhqWE81wsFe?si=tBvB_lr8TaCi6Hc5OwdG9w"
"4","https://open.spotify.com/episode/0fckqB0bWLI8F4yPPcMCVh?si=bDrn459cQdqX-d0ka4tSoA"
"5","https://open.spotify.com/episode/1Ze95XUVSJZN3xdMlYWK9j?si=0mgoam0TRRSaFfxXmTMJ2g"
"3","https://open.spotify.com/episode/6wo4TZujQhRMraT1fcHTPn?si=qWpHtezOSZO-USFeJRwXww"
"7","https://open.spotify.com/episode/12B1jyeeBqDYV2hMCrQ0kv?si=rVfsq-dRTCuYvgXksQ1RSA"
"6","https://open.spotify.com/episode/3DBqRWlBDNrqjLlOGp1hRu?si=a-_AjBlDTx-C7HubOGA9Bw"
"10","https://open.spotify.com/episode/7zmNt6yditV7SDMIlBkjic?si=v3eAufYcQ0aRhl24HOnuGA"
"9","https://open.spotify.com/episode/2nspYdjIWS302i3Nv9USEQ?si=7IBBNjE1TH-fDZ8-ifhSVg"
"8","https://open.spotify.com/episode/2mll8BYbzgxpHrHhwPGoBS?si=gF2ihh2TSWeoYzNRjgbFoA"
"12","https://open.spotify.com/episode/0WFLfPvQwTk3tljLhkLobd?si=nuBP6vdqQkSsNrellYLdSg"
"13","https://open.spotify.com/episode/1Se3n7dNgTyO8kJb9ZR3zO?si=T4kErB1hQYKpTxfMhSwPLA"
"11","https://open.spotify.com/episode/6q6ZIwuwFI56gHO1zjA4zZ?si=hprPZAqjRSikfZPn0B0C1Q"
"15","https://open.spotify.com/episode/0bFtynN0XQ4sd5wmd7uzFd?si=T_OuetE4T3uG8LX2Y6zJvQ"
"14","https://open.spotify.com/episode/76UD9Vx68qMVrxVBUJw4rG?si=r72uY2sdRcq8P11bR2hFcw"
"19","https://open.spotify.com/episode/1e6uaGtSoqJm4YKnld8HUD?si=HMqd6-mnQOeg2Rs1ajYzAA"
"16","https://open.spotify.com/episode/5QZ0biUhEEQp788FTd2ZMG?si=tT37lgp7Rkm0UoVq_1VStA"
"17","https://open.spotify.com/episode/0pMbwxcEUCIix4NvBjZX9D?si=CAWaJeAQSVm3DF61f1ePHw"
"20","https://open.spotify.com/episode/2iseHj5adNk08H3BT4CM32?si=P_vGS3K6QMmh1Z97N_AECA"
"21","https://open.spotify.com/episode/31yP6DEvPT2a92d4UeoQZR?si=2krtJHW2TaWeEwvALUawtA"
"18","https://open.spotify.com/episode/1GvAE65p1TupLf4skxKihR?si=HqTngTymQ9Gm5Xc9Psh3VQ"
"23","https://open.spotify.com/episode/7zMcxNobQPrmDHDlwcz51B?si=U-gGMMqXS4W60nAWcUJNaQ"
"22","https://open.spotify.com/episode/3MTkY9AAGwQ0dqv2Zpg2sL?si=Y3IO51PsTu2IzVbMm7d7Rw"
"27","https://open.spotify.com/episode/6AYsaBqkdBHAtRVp4eAgeF?si=6tXixOAvS2SY9C_7m19dbA"
"26","https://open.spotify.com/episode/23kjbfgvybUL8X3I1jY9ZB?si=UBArOu28SDioCbQOUVddDw"
"24","https://open.spotify.com/episode/6t5DhkeMiMOPmBOAr9jrD7?si=G1_AhUU_SnS6Oq3C2ClJkA"
"25","https://open.spotify.com/episode/5wD06C6stqvXhpUi2jyxmm?si=NmX7scs8QgGBQgMA3-eGkQ"
"28","https://open.spotify.com/episode/1BMMVFHv73W9st41uUsrPH?si=qv9ElOcLRTiRJgO_BOjnjQ"
"29","https://open.spotify.com/episode/3oVqSjmvxFrVFkezuatNmt?si=HylDYuIWTTaN-xwzhz8Jmw"
"30","https://open.spotify.com/episode/3QY6Jqb8fztAabfILTljFF?si=E6poGuUUR5O6BZikfZ6Uww"
"31","https://open.spotify.com/episode/7KNpHKhoIHmIccpWPBRzRa?si=STftaL4OSkOG360JE7qKkA"
"34","https://open.spotify.com/episode/5h1Zk26FtgrjB2EvwSesIL?si=tdFnRpLqRbu92gpFrhtbPQ"
"32","https://open.spotify.com/episode/2lmD1tni8dmUVvb0WXFNpD?si=x8ypt61jRsC-K3NrmgBeaw"
"37","https://open.spotify.com/episode/7IYB9tVc2NaPS7Ca6MLw1w?si=bxPePn_eTkSAyDivHL0OCw"
"33","https://open.spotify.com/episode/7sQ96rH2rM1CqFwAlULxm3?si=e2fwwqn2TRaDGa2bdHr9XA"
"38","https://open.spotify.com/episode/0Bqt5YR3YIg4LUIp68EEnA?si=2BfEGTS6QlCmYL54Bo9Y3g"
"41","https://open.spotify.com/episode/1F06G0UrOqVyjb2vtmO2Zs?si=Wlvh_Yp8TVe_cHtITBLH2w"
"39","https://open.spotify.com/episode/1blCFiJB6jc6YaMRulwGfM?si=u_MW45ZiQCaBAsQfeJo1OA"
"44","https://open.spotify.com/episode/76WMZZixpMyrIn91bKxqXA?si=47iWCqqfSkiXoXmmVNcBjg"
"43","https://open.spotify.com/episode/1Xotcf2ezR7pny9TiXvClp?si=1hd-sQdPQNWmA09fLjmDYw"
"40","https://open.spotify.com/episode/65cpWQ5Cp68gL5h3xkTzTP?si=8YYfpRJtRXGp8pt4ZVgTOA"
"42","https://open.spotify.com/episode/08xchSK0idaizZh4jXYOja?si=ZtmGtxCPR-WD0KhHI1BEgQ"
"35","https://open.spotify.com/episode/22hFF2jtjyCxJzEY6VzY0t?si=KAxABg3wQZuRXHsBeOfJtw"
"46","https://open.spotify.com/episode/3pNNMTfl7dpp7oXdSIwv4H?si=l2xW3n21Qg6V8oxoIdnrcw"
"47","https://open.spotify.com/episode/51bQpFDZL4I627IEXiTkKg?si=sGSmhNDLTka9AV1-bcygMA"
"49","https://open.spotify.com/episode/0CRlEfqOP3poV0LCh3IFPK?si=L4upFFUZQUeJ-Z5Tk07CWg"
"48","https://open.spotify.com/episode/0sLg9mCBQ3vHtyjoOyV7Eq?si=lg4MrQN0TkqMUplqORwaLw"
"45","https://open.spotify.com/episode/1meRJqmtt4tFJbVo8RbSds?si=kZMgmT_uRTCMMFlKdsfwew"
"50","https://open.spotify.com/episode/68AeV9eyu73ePkWFhLTOoB?si=_Y0TxoypSGi85Ul2Mk1-Cg"
"51","https://open.spotify.com/episode/1lFkBezAakYSX2KctwUfAz?si=2cKqDyMsTUSvEnIu108-Fw"
"53","https://open.spotify.com/episode/2hAME7vi90yx0rmVDwgY40?si=cnevMuCLTPO6I6KE6C0H5g"
"54","https://open.spotify.com/episode/4LtCC9MjO44sJtEWufjN4p?si=bf16A_8dSOydrPloUo1dMg"
"52","https://open.spotify.com/episode/0ZmHYJfxi2yVDjjlUigBMV?si=1gEwIpqNR_-I45Fj2UldEw"
"55","https://open.spotify.com/episode/2IKtPDk1FUneP8W739JIjM?si=KCgb0dCPS-OoOdrAvooOFg"
"58","https://open.spotify.com/episode/6Oumlen71qCA5dhtfWk86i?si=7dB4AK6TQiCb7750Cd3TVw"
"59","https://open.spotify.com/episode/05uC2e8U5Z9ORW04pwbA4M?si=KmeniMdgRiG8_wPxHx5Vwg"
"61","https://open.spotify.com/episode/7tiH2pkVC4nMQTkLzbgaDB?si=JkeqoUH9RPCRexi1bTdaMA"
"60","https://open.spotify.com/episode/6CItIQmvXXM9S1X4IVqDQl?si=NgER3WEsReaewQZIdkt81Q"
"56","https://open.spotify.com/episode/1hAsF98LuAPa1Rwe4DjLBp?si=9cClXE_nRVOpX1jO6jNKVw"
"63","https://open.spotify.com/episode/0sUWA4IAxIFIkjQR5NYHYV?si=tV0dA3B_TPS5x_TxqZS72Q"
"57","https://open.spotify.com/episode/3nDXnE5ajWoaOudPFWPUTb?si=oz33VjPRRd-AGuvp2IWwHA"
"64","https://open.spotify.com/episode/2qaKCfJMxgKPxY6shkwxts?si=ndlpzeVYTf2p1T1FM-0jqw"
"66","https://open.spotify.com/episode/5KKXnwe8NNc4CsNoHf7DTH?si=2YPpvMA-TVKXp5aFtZFWog"
"68","https://open.spotify.com/episode/4hzZZURebybuHLjUwHh9BV?si=zRXQH1hERBiKofHF0_rFmw"
"65","https://open.spotify.com/episode/0hrdtiSoHY8QU3EN8apQQK?si=Uuji3slaR7GD1F8z9tmT6w"
"67","https://open.spotify.com/episode/1dShLlac93hJOqx62Yo3D0?si=QctHKNh2RcmJoajXG7oImA"
"69","https://open.spotify.com/episode/6QRL1BHSgr5kybXUgLrhVK?si=1lIQx85zSEq6j9yQ0cmt2Q"
"72","https://open.spotify.com/episode/6rs8VBZzQkMCwruL52tLV3?si=o70THDiUTkO6QiZ03Xn68Q"
"62","https://open.spotify.com/episode/5gUSef8tb9KfWOOpWZIQdi?si=yLIi7BKdQwaI8kylP_nzjA"
"71","https://open.spotify.com/episode/5EnrnF1IzIeWTPcCAddyzv?si=EOWtwT0OQy6CIWHSS0aU8g"
"70","https://open.spotify.com/episode/47ts5Cbwpkg3AOKMbfHmrR?si=NIlGQLe_RH-yDcXjBe4vxA"
"76","https://open.spotify.com/episode/3fkJssmxnWr2bsXpnLdl1W?si=oh3ZrQBHSnu_RnG4FdWElQ"
"73","https://open.spotify.com/episode/77hvLfCizDMGwRhJDrl2q5?si=AhAva_r3QIiVXze-kdsmyw"
"74","https://open.spotify.com/episode/5W9qQlCQjW2ZGAwXgzIXy5?si=cfzE12pcR9ylqBaa7xCR4w"
"77","https://open.spotify.com/episode/7oim1E14asNDpC64SnZLQS?si=kJz0dFHIQSe3f7e6ZguhPQ"
"75","https://open.spotify.com/episode/3zdK67cuIoDc62CQnKVbEq?si=U6C43B8JQQWi0dXZra6llw"
"80","https://open.spotify.com/episode/1TZ1CugecSveRmZIeARO0x?si=toXcccFVQ5KFtHXZbm8Q7w"
"83","https://open.spotify.com/episode/5apLHVbFXxvhpVR14Z9mKk?si=kMYi1T7jRUuv5SdytVKbtA"
"78","https://open.spotify.com/episode/1biKRJmMWtC80TeqyOgIP9?si=BlgP2zQjRqaepC0koY0o4A"
"79","https://open.spotify.com/episode/4oXjJaJVD2yLg8FFJBKxQX?si=bOkIwiZ8RYu1lgASFPMDig"
"84","https://open.spotify.com/episode/5EsnVU9hY4kD2I40gWcYUK?si=TMzMSFD0R02OaTjzbv0p_g"
"82","https://open.spotify.com/episode/1oQvoj82mNAA8f7cjrh20w?si=-Z6Il2mARFuSncqhoqOSbA"
"81","https://open.spotify.com/episode/4grI7ruKmNkVUfEp4Q9bl2?si=zCjv2Tl4S5WoeP8MTUnxaA"
"85","https://open.spotify.com/episode/68clhTsSiFj06bG4AUed7x?si=pz9ixQ17T2KE0mLfOVoLxg"
"86","https://open.spotify.com/episode/0Xlid5DRFYtRxBnsRjrbLc?si=gtknJgEbSxmKp54UtAHdKA"
"89","https://open.spotify.com/episode/0Jf0uSAQD3FuBmnraA70mN?si=7ZO_LJuBRiKKJowcy2VIHA"
"87","https://open.spotify.com/episode/112MD6y174GIx9xpw6bTnv?si=O6D2izAkQx67IS70__WV0w"
"88","https://open.spotify.com/episode/3kjwmGHnWHUHPISu9k3xhq?si=vTGlENffRjSk896jIL8CHA"
"92","https://open.spotify.com/episode/3ijUJ6jle0pqdCJZ9rSMke?si=0k6PjabiTYGn7Z26I6CiUw"
"90","https://open.spotify.com/episode/0t4vBQOvrOUPOVeRDBg2Dm?si=s1gvQo4TT2-8RSbUg-SNHg"
"91","https://open.spotify.com/episode/70auM4pogjLYWP2LlhLAJY?si=dJ36CkAMStm4KoPd4bbmYQ"
"94","https://open.spotify.com/episode/4Fa2Lf36dWkw7A908tgE2p?si=c7pzdlh2SMC40fZCwtGnLA"
"93","https://open.spotify.com/episode/2cC4T6cti0iwsL1hnHVLPC?si=hVYtDgeGROmERgj0HQkW7A"
"95","https://open.spotify.com/episode/788p2QSS3xLOsTT5cvVGEZ?si=c1f0QC01TCqrd3Wo5bL8nw"
"96","https://open.spotify.com/episode/4RPCf0xBztKf80mWl9KdGG?si=TJ4lsUJ6SkOjx6Ad7sX0QQ"
"97","https://open.spotify.com/episode/7eDZ19iXFFQFfTeR6tCOou?si=-66G9Ff9RpWw_cwH8rIY-Q"
"100","https://open.spotify.com/episode/2cN7puEojeOitgJ2KQVPBZ?si=1Q58GxEOSnOhq-_QAVRQOw"
"101","https://open.spotify.com/episode/2XjaaaX57OqQPzUO53Vwlg?si=7bf2oqCSQ_-KspeQD5GaWg"
"98","https://open.spotify.com/episode/588lnhK3ndT9PgsM7yI18m?si=UeYXIiasTbmeeVKwLc3rUQ"
"99","https://open.spotify.com/episode/2myCwCdbAWZ2epIWsLVdc8?si=EO-coAjAR5et9QiYQNfckw"
"103","https://open.spotify.com/episode/7f47dxCio3Kqm8Nwf91JCG?si=m3rsAKcxTo-QHZbvrlDYHA"
"102","https://open.spotify.com/episode/1AhYMobPjvCYTYtqcxuJRY?si=rZmhk75cRX6S3-IhyFYIeQ"
"104","https://open.spotify.com/episode/7Iv1xlEzYArHWLoLenM4bh?si=UcxpOL9tR-Ovg9lYU3jFuA"
"108","https://open.spotify.com/episode/1TjbeKxYHr2we8t4h3WyXd?si=JY7D-kHuRpisWYNYAVyPVw"
"107","https://open.spotify.com/episode/7uMW3ETqpNqZZssT0dz39F?si=m-5eEemQTfW3zsFlV2-LIw"
"110","https://open.spotify.com/episode/0sBJ0tpeO4eaFNmqqlHY0f?si=u58U-Ti5S5y6rYZd-ZnGAA"
"105","https://open.spotify.com/episode/4FfbyqLSucAkUWAp5mFWd3?si=_W9666FvRReZZR-i3t0Zug"
"111","https://open.spotify.com/episode/7KlV7qIC1CjLbi0BJCrzs8?si=eGSHPNjDR9O6MgB8K23lEw"
"109","https://open.spotify.com/episode/6qrEUY1j4NCyDk3sStmsvt?si=5xQToYyXTZaItERHJqroeA"
"106","https://open.spotify.com/episode/3EEubxOU8jku4KKtmkeeBk?si=ZwM7kQ5SQvu0rbz4rys8Aw"
"114","https://open.spotify.com/episode/0hVZTZ7FrobxcIaJEgU1nY?si=vXN7vsPtShWsMF2IGcy19w"
"112","https://open.spotify.com/episode/44HtnGJSaGWiirRyF98kFv?si=g102A_jeTAadR4vf29ehTw"
"119","https://open.spotify.com/episode/5ROaP8MeZlbEukATSSstK8?si=8Vxg0QPKQ1C4Tnvzmtn_wA"
"115","https://open.spotify.com/episode/5h2k4PxsZb5P0nIRwLVlaT?si=pawe2_EiTniuqfhEixII_g"
"117","https://open.spotify.com/episode/4uzQZtZ7fAc5QnOryik19k?si=m2860lxeQ5awp3G_tiYpmA"
"113","https://open.spotify.com/episode/4qLIr1a5jfFMkTbY4ZgGKo?si=q6U6dxlETC2i6S5KAwvAGA"
"118","https://open.spotify.com/episode/1RWIhpNGO7jF4mQIV5sdwl?si=99iSK3CoQ96LcIUJ8lijAQ"
"120","https://open.spotify.com/episode/7eMC1BxwN3hITYe1gp1wuP?si=b8EQf38URsOVtuaLL_r1gA"
"122","https://open.spotify.com/episode/3wqkN9liaOvJ4BoJV2vCSI?si=jBxEHrwGQGCqvWqjpWfvhQ"
"116","https://open.spotify.com/episode/6fNhJM8riJT3R4y5W845gu?si=bRp3-VSeTdOQJa2F1frK7g"
"121","https://open.spotify.com/episode/0SLM26NReHqfLUKd7mCF0M?si=X34ca_ZQTeOiGXuU-_KUQQ"
"124","https://open.spotify.com/episode/0Ojp670adPbtHhK8PoBgOk?si=C3XP3LS3R1eSB6GbBrS2vQ"
"125","https://open.spotify.com/episode/4QJSvWIG2CuQV8UGWx52za?si=kAAWZPsPT-axEb1z9oY0Ug"
"127","https://open.spotify.com/episode/7ah1Q38PDohgTYNZYc8I6S?si=GJprVIvuQAGlxcasXt-bJA"
"123","https://open.spotify.com/episode/5Br2dwfmqNeD8NztmG22KZ?si=ly5rIAQTQvmNL3Y0N6e3Kg"
"129","https://open.spotify.com/episode/4PHRn4wKiPh1YD2hN19Tow?si=uRmG_geHRweamdYVGbdTvg"
"130","https://open.spotify.com/episode/1f43jQvfzgn1PTyeeq5rCS?si=wQm03QkwTn6RTmF1zr1_Hw"
"128","https://open.spotify.com/episode/0QRuzp9AbbxxORoPzbUgXr?si=7vA0dZM-TFm2dayRc1ogJA"
"126","https://open.spotify.com/episode/6hGSZAI68c61j8E69sJd6p?si=HAbLghtLT4mv_WnYIs7Wlw"
"133","https://open.spotify.com/episode/3ynpnMeRQ8Ga2bs5CNnWCX?si=aVTvsqV0QwOFnQUxlg_Z3w"
"131","https://open.spotify.com/episode/4ki7uQEdHPgaIxSlmH8zk7?si=9TEZGppdS92ADUYuHN9yLw"
"137","https://open.spotify.com/episode/2kq0KfvMapD11qouD97RBn?si=-ueSEi9YRS-UlFPiel_3DQ"
"132","https://open.spotify.com/episode/4NNxRFFtFQhlOaRGnYc7mi?si=fRFIcbp9QSOUERGtZ2Q9Ww"
"136","https://open.spotify.com/episode/4tuVM6yYuH3QgaUpJwYXTI?si=Omiu0AEPRXuE9ROyVwduGw"
"134","https://open.spotify.com/episode/4vr5fKkKKuxQEuibnzq674?si=vmSuhLVqQ9mOShjEWGr9zw"
"138","https://open.spotify.com/episode/4pfetFlkxSmW2QGEbBNu98?si=9zYAJviUR4CzOcbuHHGQ4g"
"135","https://open.spotify.com/episode/7mj5VYQbPd5uUUFRjwNxtY?si=Sws5Lf1pR3yc2ZVPdEE6Vw"
"142","https://open.spotify.com/episode/0THwVxdWpCD5ex6bd1yUQf?si=wItRcGzyTX2eXefreVPSAg"
"141","https://open.spotify.com/episode/4vmxmXkXd4oQvFCA1sENmO?si=0NXwuYeiQKu8074P5ZClTg"
"144","https://open.spotify.com/episode/0DgUfzwvZpnkqmhmYgIL1t?si=Oe7jH-h3TSebANGx6_Xrgg"
"140","https://open.spotify.com/episode/6dlYTr2aCYPkjACCi5MgsH?si=fYzYefCKQOGjMlndX5uAWg"
"143","https://open.spotify.com/episode/3vyWsxpHb0VjeCcyxFlPPo?si=0qUMo_AbSXiUWN0DK_Pv_A"
"145","https://open.spotify.com/episode/4sMfAP4PENXFZ4aBTJKY9c?si=PIN30OLpRK6cjeQNOEb6Rg"
"139","https://open.spotify.com/episode/2OpPrfniS21gCj6NCf34Vi?si=4I2ves6FQFmMdtSAZr3UuQ"
"147","https://open.spotify.com/episode/5oz9ObdqGKywfQH58Z5RZH?si=lagtz7RkRVquWHzBhy5JQw"
"146","https://open.spotify.com/episode/0KkB1NOCgbUDXMg6Qlpe1P?si=W3-EQA9KQNOtuhOC4FO2xQ"
"149","https://open.spotify.com/episode/6GErbn5MACb5A8DUxtToBx?si=cpwsExKvT9mecBCp1u1Yig"
"148","https://open.spotify.com/episode/1Ei0BAXEfvbaI5oBOFHwvx?si=OjmcXpIRQqCSToIE1xhVaQ"
"151","https://open.spotify.com/episode/0eLpBhvOO2nHzwqaON3eTU?si=simsSyd9R7iGBDDpwaBx_Q"
"150","https://open.spotify.com/episode/3GP3zuxqcEMxllTZrXsIL7?si=ofmLNS4tTHuDFa1UqMldXg"
"154","https://open.spotify.com/episode/43lbIUfZzcoHgGT4AlmvRX?si=oRC9OcyoSFev_Rm871A9FQ"
"155","https://open.spotify.com/episode/1ns0Ivr56jOpC1Of5roYQk?si=MTezDwPnQiG8o7sKzCBM_g"
"153","https://open.spotify.com/episode/2CJ7P6wpm1ZTFb21LgMYVP?si=PP9vMVTdRaShqcc07Jq9uQ"
"152","https://open.spotify.com/episode/3wGOWdEwpttXknl0eMtv2J?si=xqQzwFlVSGeDeEvoIYwT3g"
"156","John Wick: Chapter 3 â€“ Parabellum"
"157","https://open.spotify.com/episode/5GuBsBsmn9BTSzsiZzBBWO?si=46S_q6ZzT-6sWEE3eBHPYQ"
"158","https://open.spotify.com/episode/02u4aLnRXYLUiVvssrRo4L?si=hoI61c51SLmOCe_Mmbw8cA"
"159","https://open.spotify.com/episode/06OwY5FLnvHIn7TGHb1MQR?si=c-zWenRHRjSecEsONBJOPg"
"160","https://open.spotify.com/episode/5ZRM4tg6qNUeBNro48rySN?si=l7bpYiqLRT2lYBWTR55Ncg"
"162","https://open.spotify.com/episode/4NcFWbX3d8TG0B7JpDDFTD?si=3F5MsAdYRKSaGfT5t_4GMg"
"161","https://open.spotify.com/episode/5YWqiYZ6bCJ76hLQ0i6P0d?si=C0OObhCuRWOlElcyuD22Rg"
"166","https://open.spotify.com/episode/0l6xc0tk7nL2deI3DzI2Az?si=Fxq-_26ARmu--8aV7oeUlQ"
"163","https://open.spotify.com/episode/0j45ySAWpgsE9MPykzHBfd?si=3TKsrwXTRqSiarC72HOTVw"
"164","https://open.spotify.com/episode/47Ayy04LxmWRptq9esNGwm?si=n5pnHng1Tlauqth8X_NMNg"
"169","https://open.spotify.com/episode/5zuCW5ljo0u02PMrDKs17L?si=fSeF1XRkRB6XFBg-BZMmuw"
"167","https://open.spotify.com/episode/5dlS2xRIIOljCbgwmQMKWO?si=kwPSRnTeSler4HAWFNkD3A"
"165","https://open.spotify.com/episode/5C6i68uHoWLNcrXrJNr3Nz?si=DsXW6XzBQKiuLc3ArO2ZVw"
"170","https://open.spotify.com/episode/2yMchW9033HewjrArpllhr?si=qp_U8NuCTMuMvrW-_Cz3HQ"
"168","https://open.spotify.com/episode/3apFEMa4BS7PFxIpRKEZHO?si=GZhxqno6R5-yihcInb5FvA"
"177","https://open.spotify.com/episode/3CdMMHWIblE2dzOx5eRufh?si=ZzLaQZMnSqSWBGq5eMsF6Q"
"171","https://open.spotify.com/episode/3mrA7QmRc1pRXlG0I8hcHO?si=smwrkTCMQAKabNcDfayuWA"
"172","https://open.spotify.com/episode/6NZeWRXiXyDGkVphk2oA3P?si=mn5hk13NTB2GreKZjHtKeg"
"174","https://open.spotify.com/episode/5z67U6zu8IyrhLWDOpCeoo?si=6GoFc8k3QG2TS-yahiURmg"
"176","0:01"
"173","https://open.spotify.com/episode/0WGOGBPOW2n2VzlrZr4kAb?si=gwJO_tw1Q3amAuqmMP4PZg"
"175","https://open.spotify.com/episode/7yIQEKoxYa5FEt0Qxibzf8?si=DNZCQhGTT4-DoE1qlF19ng"
"182","https://open.spotify.com/episode/6JsOS99UvweAEE3hHj0dRs?si=kzemw7JASB6cPTbAPWP78Q"
"181","https://open.spotify.com/episode/4Qpp3ZmwvA11zzbpU9RbKw?si=7cWTuTL4REWpxSqozHpvdA"
"180","https://open.spotify.com/episode/6LoYLOCpFfJw99KKK9V66z?si=hPTbL5lcR3uSq5w66Z-n3A"
"179","https://open.spotify.com/episode/4kjssaQtFBtMxOk7Gt3HEe?si=6n-akNCsQBivJrOUlrq8Pw"
"178","https://open.spotify.com/episode/514pCTTxphN6kkzM5JUBcT?si=Aseamd3jQB6-l0XMLdkbsw"
"185","https://open.spotify.com/episode/5MMbCLJenl2JENJfLOp0sy?si=YJb84Tp1TxmksRRpX8bLnA"
"184","https://open.spotify.com/episode/2Om39p0qnLoocdSZWSVYv7?si=fbSN1roUTh6rMaKvWKPYSw"
"183","https://open.spotify.com/episode/491bHoxgBBL9kxABWIxkAW?si=cd9hSsEiRnuJ83qEZNIVGw"
"186","https://open.spotify.com/episode/6nhzSnnz8lg4MWCSkKuXsl?si=epe3d7NcS6aDXpbxaw9ahw"
"187","https://open.spotify.com/episode/1YJVt5U2WVCJh0kalyZV0m?si=BxSnLLCuQsiE-pZ7XMgxbw"
"188","https://open.spotify.com/episode/4ero5tfEyM7MVZwclHrIRY?si=yo-VWWMsTUaq6jolK5r8NA"
"189","https://open.spotify.com/episode/151tde5SZw90EUc2G8403n?si=77ogV0PQTKCPBTwGIMGYVA"
"192","https://open.spotify.com/episode/5ieptembBAoaxiR3OVL9dR?si=qnb7WvTDT1Sm1S7Ut8rU1Q"
"190","https://open.spotify.com/episode/2ExymiddRO9xVBEWKo6HeU?si=n4A8ggnqQLOus6HUjSw1Gw"
"194","https://open.spotify.com/episode/7eQsv9TxWVdKgGoQfRH2Vg?si=eZi_kzpaSaWtcCIHtrqevw"
"191","https://open.spotify.com/episode/6IryR0GKQwl5yXKsuJa1gj?si=Wp3kpcndSg6wmMkRhRSSNw"
"193","https://open.spotify.com/episode/55Lz4NHIc9A4pSe2HynBEH?si=4ui_NGlRTUGjaH7unwl44A"
"195","https://open.spotify.com/episode/09NwitvXe5mnp31D0464yt?si=uJMwIFOTS0OXluKLcbWjJw"
"197","https://open.spotify.com/episode/2tRMwvuLud0UpYbfpM4lhc?si=R1XfoOwmR8yN11qhbpWt2Q"
"198","https://open.spotify.com/episode/5t4L9lEVhxSR5ZJywxUEQA?si=MaIUVyl9Qu20zu53Etb8NQ"
"196","https://open.spotify.com/episode/0oVXQp5i9K4KmzOPNJmMDx?si=Cayt3-E_T7OIvR34V6ofyw"
"199","https://open.spotify.com/episode/63okSIQDq2YbZp7wDoZ459?si=iO60kVOqSHGL5sNF43jvHg"
"202","https://open.spotify.com/episode/15t9PNWTx2W2sJDoJSlff0?si=JmTgCfh_QJiJf76v0XW7ig"
"200","https://open.spotify.com/episode/1dQdpFEjmF8GOvtmZEXTYV?si=3t1Gd7Y3R12PT-m6zJF-Pg"
"203","https://open.spotify.com/episode/1Z36pmvrCGwdfO7vPH3pnH?si=I94kg4vySWGDRZKxETp_Vg"
"201","https://open.spotify.com/episode/5u0XD8v5KrGWR7mB3bd0kI?si=QM7oQ92eRtaNt6wucH9Kjw"
"204","https://open.spotify.com/episode/1XfuJ8q7RswGorvJrK9pOt?si=I3czzXnASUygXp4awwJFUw"
"205","https://open.spotify.com/episode/2YNw483I8grhahMpjn3BPS?si=pwWEURcyQhmepTtiagyd0g"
"206","https://open.spotify.com/episode/3Rtba3K1Yw6RLPK7F8QrYn?si=I8hyuxHsQ6qysxLQZ2x9EA"
"210","https://open.spotify.com/episode/0m6HtQwAZaiiAUA74YQztY?si=6WIdV_SzRYy2PE_LbMV6nw"
"207","https://open.spotify.0:05"
"208","https://open.spotify.com/episode/6OoDQnVWvldoWtpq9Sd0AB?si=tfopcKLUSgK6xCeNsKhWaw"
"211","https://open.spotify.com/episode/1UpiYRUkIBzlwZTG0TfS5s?si=5v5sexO7RgOAkzESUE6ROA"
"209","https://open.spotify.com/episode/4Az1hOAoskZQxdVi0ToaOn?si=keqvdjj-T2eF7OLUSZr1Pw"
"213","https://open.spotify.com/episode/3UOt04varbtS7NgwuoQpBP?si=Ycl2QVi8RzqiAVGpUHB5BQ"
"212","https://open.spotify.com/episode/3aBGDWPl5ERMrUwOUOhre4?si=UZoGGmvcTfax5F1dHG3c7g"
"214","https://open.spotify.com/episode/1Gi2cWD5Co6SyjyVHSdA4R?si=b_O7bz6oQ2uKtY8Hy1LSew"
"218","https://open.spotify.com/episode/6E0JwF40rN0EenicVKMk3L?si=qqwFX_3ZR8O7KyjF6nLxbQ"
"215","https://open.spotify.com/episode/0BgYYaCvxpui0WUkWUuu43?si=G3nmFYfIRiiLHWgs8kkJhg"
"216","https://open.spotify.com/episode/4QJ8Vu0WHVjiNOkkUPVYPE?si=2_d6zbyETUekDxbEDHhRCg"
"221","https://open.spotify.com/episode/1Q8AqxlbK18a1zDcwo258D?si=U3prL5K-Sfqq8WPNIH8Viw"
"217","https://open.spotify.com/episode/6O2GQ6OYQ7lnc87GCEl8aL?si=LI44O2JqSYewZ719O93Wjw"
"220","https://open.spotify.com/episode/1Q2movMrqEFjE6ro7DIklw?si=2YIS85JyT8eoZL67tM9A4g"
"219","https://open.spotify.com/episode/4Ou7sbUuzo3Gk4nBMhUFyS?si=xDS3uM03QyydT0T-Y7K1Gg"
"222","https://open.spotify.com/episode/13g0f9wEepIkCw9T3x3ZuS?si=Lrnp8b1QQkis0uWhAwaLHw"
"223","https://open.spotify.com/episode/5ty2rKkhb5lSYz9P6GuqNd?si=Jvx_1MYATiSmC07MQfbAEQ"
"225","https://open.spotify.com/episode/46DSJ5UBB06N38phSse6Zw?si=vzbilSUnToqmDu_ZWfOKUg"
"230","https://open.spotify.com/episode/29nhe5DcLbCC6pHYohpjSe?si=4-1obKg7RY2kiuoLCzaZNQ"
"229","https://open.spotify.com/episode/4UO8xxPrexYEDhq98o9DLK?si=XxJQnkNQSbO3L0QVWXjV6g"
"227","https://open.spotify.com/episode/72wgXb1SLj5H1xZlHvc6xD?si=nASOC3ubS6aYR8x58lE71g"
"226","https://open.spotify.com/episode/7JOGrSvKOzESzsvXNsE2EO?si=laSlgwmDR-2LcpSThAhOYw"
"224","https://open.spotify.com/episode/6ccSLoGRawI9efUWr4kIcx?si=pzFWFV04RK2hNpfXQ8h8Hg"
"228","https://open.spotify.com/episode/10lOWo49yGG2ogK8brQVAd?si=z5Uv6k6URG6AjDJZG4P26Q"
"231","https://open.spotify.com/episode/7J2LwppVWqB0yVjGTQH8bi?si=Z5u5Ymf1TXWE440IlR57NQ"
"232","https://open.spotify.com/episode/3a08U7YD66QrnS9V4EX8B2?si=Y8tqYpJLTRiaEu99v6P3kQ"
"235","https://open.spotify.com/episode/5XBdJhAuPkReBfKWllsjvS?si=MZTFfrY8RxCv1aFucKxtiA"
"234","https://open.spotify.com/episode/6SFGQyvrJFESxjLq97AJue?si=mDSgffPCT-27AFyYl7xuDw"
"236","https://open.spotify.com/episode/3CNVXzIFfsb3FockzoBIOL?si=uRs7KQ7bT5mvAxORMQ9Npg"
"233","https://open.spotify.com/episode/5s8rhUll5HGzBtFRluOW0F?si=aB4AwAd8QiuMD2_DNSdz_Q"
"239","https://open.spotify.com/episode/0ZeNMCDJVfc9hIXHlj6FB3?si=TxD-LiKcSzeJ320u_knyCw"
"237","https://open.spotify.com/episode/3YttAwKtAE0pz4gH61bmt9?si=GoSr6xc-RLuCgjCQ-7UfNw"
"240","https://open.spotify.com/episode/7wUBpFx71cIaz6lmx68mVi?si=fdIMLQWTST2dHlg6dA99Mw"
"238","https://open.spotify.com/episode/0sHemkxyG8HiLrXiV6PZte?si=3FdM5USCS7uBL5fEiMqGNA"
"241","https://open.spotify.com/episode/473DccLEJHssS8hb1E0voW?si=ymPvkx74QraeYPzkITjo_w"
"244","https://open.spotify.com/episode/2hLt40d4diDecjpSpWJnzr?si=SHjivGKJRTOF6yw3zG1jog"
"243","https://open.spotify.com/episode/7sSgfjwcwTkQqbR8wzeEVW?si=t68YiTbKRyGTN2U5IMvHrA"
"242","https://open.spotify.com/episode/4g0DmdGM6lCWXPwhA0367i?si=BIhVtqMJTy-GFvaIs4atdg"
"245","https://open.spotify.com/episode/3aR67k262QSSx5KrZvmKQZ?si=v_cri-lkTPqBR7JY3gLyMg"
"246","https://open.spotify.com/episode/7q9K2cmIDS331VuM0UKhqT?si=HXMwcFyBTpG8O1-6MPR4FA"
"247","https://open.spotify.com/episode/4wIEEYqT39dCcQytGI4hFc?si=9NLp5qxSRAmBBQmaB2HMEw"
"249","https://open.spotify.com/episode/24NuZD4SCtQebtNsSO1Bn2?si=JZxlDt0VT-mMqyDc7za-KQ"
"250","https://open.spotify.com/episode/16PqheiIgIiiizbwAymWH9?si=aksO93GxRj6Y6UlrLMvNyA"
"253","https://open.spotify.com/episode/7mznTO3wSex0aMFwnpyw9A?si=TtKboah1QkuElJESKfsrXg"
"248","https://open.spotify.com/episode/1yCQ856aC8rvQT8oEJ1EqN?si=aRUB1DuJSMuhUtAigWGZgQ"
"251","https://open.spotify.com/episode/4aJGjcmjQE5oEhbVvi6wH9?si=AL6Vpj1bTkqs2C58n88iQw"
"252","https://open.spotify.com/episode/3G680cDo3kuyTw3uPmMOAO?si=CKlOc_WfSI2h_QyRJlzibg"
"254","https://open.spotify.com/episode/42TIKvtpCGROeDLOqesGAe?si=3M8s-M33T927-3P5AUR7MA"
"257","https://open.spotify.com/episode/5fYIfoNRVwBUQK6Tq1patw?si=0Hp2KNvVSWyA2f0J52KWFA"
"255","https://open.spotify.com/episode/3nkAkoCtynbav907fpf0hD?si=VeVV1u_-R5G_qDMUOLh8Iw"
"258","https://open.spotify.com/episode/4gEaC7SDSflaqRRHbe5Wv7?si=4HgBXIkwQ2-ywSBqMB0af"
"256","https://open.spotify.com/episode/6aTa4SRZa5LDodyteQJcHY?si=ZHIjbYheR8iwMGsdsjR2FA"
"259","https://open.spotify.com/episode/6bwnCI3MG6aR1rgDAK3Aig?si=0KZw5rwcQFSwwoF_VaNh5Q"
"261","https://open.spotify.com/episode/3QVxw3a2iN1cKoDg30YtPO?si=_gZdtM39RjOl7WZ3ESsqwA"
"260","https://open.spotify.com/episode/5SmAKxK814pzMQH0Nr61fS?si=zVDZKBvcTaejW-D6wrGmYg"
"265","https://open.spotify.com/episode/0kJP6xsXgDAbJwoI3qalxV?si=ApFLixfyQlqcuvvH0F2HdQ"
"262","https://open.spotify.com/episode/6eWjKMuY3gakcXoCdOHjts?si=entsYOJKT0mvRYxAUNfu5Q"
"263","https://open.spotify.com/episode/48Trx8XTmuNZM28L29voAE?si=GvedCEjVRyqwqyb6gGheJQ"
"266","https://open.spotify.com/episode/6vlwNdAXearc9gvzOy5ONi?si=baf3I0E7S5uZZO39mcvs_w"
"264","https://open.spotify.com/episode/0H4rFjP0wVi3ScWIWWGiMm?si=l-bZ65cGSdWsWmHWvAfGkQ"
"269","https://open.spotify.com/episode/46U7rxX2g5PZ8UrFgLkyhK?si=LwziLNNzTD-i5c7UVYnPTw"
"267","https://open.spotify.com/episode/5tAb5FThblll1GFt2rRELK?si=o6VH-aL-QqefOQ5WZ9j5xQ"
"268","https://open.spotify.com/episode/3JFawHiBnxrslattxXwB00?si=r-asYVmhQEeEfhPAVJKzlg"
"271","https://open.spotify.com/episode/4aljdmi4XU6myDwxHZMh3g?si=AT989bmmQ3auVOJXYohl3g"
"273","https://open.spotify.com/episode/0c9fQ0qBe9OT9TssxVKsdg?si=tkyQCBW5SQOAPo4uxGRf3w"
"272","https://open.spotify.com/episode/4PExpCYABaPsfjv5RFAT29?si=nkrfkIVLTxCprJB2ZdMIoQ"
"270","https://open.spotify.com/episode/53oCnKUDYKcnYOPH2WyQ9m?si=AKqNRpA0Q9WNXG0AWyRYBA"
"274","https://open.spotify.com/episode/38jPymNMtpXHpt2fPRzmow?si=Wz-qJqhzQXO7cKVkrk3Mqg"
"277","https://open.spotify.com/episode/5ThIXoNHnCq7Fhi7ntyibV?si=o7vn6aN4TGK3t1MyJLDojw"
"275","https://open.spotify.com/episode/3QGobuMzlVZKgtRvzdddNN?si=0o_-u0eqSJC7Gy6L_o_Y7w"
"279","https://open.spotify.com/episode/25HkMNsXlkQrCUVDw2Adt4?si=7HQ-yB60TBCcuXZw8vtNvQ"
"282","https://open.spotify.com/episode/0SOjCuNJIAFTkp9keO8a2e?si=_AYDhskcTx-9yFLQpPon6g"
"278","https://open.spotify.com/episode/6PGTrB2WYa1QA6zL6tVYZL?si=mStcVaEmQ9iDOm4argMb6g"
"276","https://open.spotify.com/episode/2FRUA98VvVJMw3i9w9vTvR?si=JF3QkzG1RUCgPD_Y8YJ46g"
"280","https://open.spotify.com/episode/7GoZJEvOgJsxo84bPfrZz7?si=NDCJfWz6RpaguZsUZLLJXA"
"281","https://open.spotify.com/episode/3swlNFZGN488BnzU3hMvDx?si=OOrZLdOxRtmBoo23iiyY2w"
"284","https://open.spotify.com/episode/0xEeU3nyBRSKJM4FK7uhrB?si=bbHBMpSCTqmMaqdU4f5M-w"
"285","https://open.spotify.com/episode/6eZjYuOCD4Veb8H983wAJQ?si=FdyQzuwcR-2lOeGKcUrTOg"
"288","https://open.spotify.com/episode/0hMcvoCf3cNEto0sCCcSpr?si=MbCV6VwDTlqQ2CGMq8L8Pw"
"287","https://open.spotify.com/episode/6yMLbtTCK7jtruMKwoNzbl?si=5tRIe7U3QIy_BJYDQFwtxQ"
"283","https://open.spotify.com/episode/1knRGO5cN8lfrbSrm8HfXa?si=aCAA51wwS_OVfuhHNG6gug"
"289","https://open.spotify.com/episode/2qbtWfnyde3iLs0dFsOAUX?si=k0-znkgGQ8OT_k8VZ5qsJg"
"286","https://open.spotify.com/episode/2XMMMsnxutBcRz39x8b3TF?si=RBvuy_jPRcOB7_8qlSHSWQ"
"291","https://open.spotify.com/episode/6yPX2KMqNQ1Q7lQQSGNW4w?si=JcPc9VA-RwGH69jXENqyJA"
"292","https://open.spotify.com/episode/11uLR8n6czgklMK2FzOhRA?si=KRcrhzztRWuvJ8YkHOIGeg"
"294","https://open.spotify.com/episode/5yLntKw2TJXCBSstY4Cy15?si=IE5uH7yMRfqysxoAhIA0_Q"
"290","https://open.spotify.com/episode/48zucQPPNshPDWoeswocGg?si=zmZZf_XWQhK392bGTYYD6A"
"295","https://open.spotify.com/episode/1WR75xigalxVqxYVqaGVs2?si=5ubHKdr6S0Gc68OymwhxLg"
"296","https://open.spotify.com/episode/7bI9DDp29VMDavGJBkMQu0?si=WOwY9WrjQ1q6Mzjr5O2GwA"
"293","https://open.spotify.com/episode/0POrDrgntldlVB8gHSzpvN?si=mO68PtxQSTu9GzboGU69-w"
"297","https://open.spotify.com/episode/2eK2au9P7AkYNbNWz963Mp?si=XrDpu7-hRZCUYy1V82nizg"
"298","https://open.spotify.com/episode/78afZZSmcXomSgIjpqlAYc?si=XzSsSz7NQlyEcoBHvwM1Yw"
"303","https://open.spotify.com/episode/04ZN7scD92mPuskXFzofoK?si=-7L-zNYfQ6u0W8qcVAxYRg"
"302","https://open.spotify.com/episode/1Z0JfcRUvQroXpLWgzhJa2?si=IR1sfgeATVGTp628ZWmUOw"
"300","https://open.spotify.com/episode/7xNPGUBbeXLpsopcsTy8jc?si=vd2GFI26Rum8wlNdyDsFsQ"
"305","https://open.spotify.com/episode/3xckalFbO5JnEP1jWMTaqv?si=pPpeXw3fThOQOD2_DKZDgA"
"304","https://open.spotify.com/episode/7hYRd4TbJZWr9TNVVyLzFD?si=2Ouue-H1QoegvXts0bkO_Q"
"299","https://open.spotify.com/episode/4uY6XcE1a8qpOX9ebsO1uK?si=QvN3TeaWS3qcZwT15UjwgQ"
"306","https://open.spotify.com/episode/2BK4jSLQQBJcktuYFnqhAQ?si=ZeGJcQMCSX69_0lisuAVNw"
"301","https://open.spotify.com/episode/3ChKVJDnz59FEV0W1v6rZJ?si=OBZkPVe0QEuZy5sdcolsIQ"
"307","https://open.spotify.com/episode/0nWjyrB5cVv34AInG0WPRW?si=sg4KQcIGRAGTF79CJAXZvw"
"308","https://open.spotify.com/episode/2O6DPCJT8EsUAlfsgFfmyk?si=HYA2b747TTqml0TJKjEr2Q"
"313","https://open.spotify.com/episode/0QfFWYgURQ7Af9Zx11Xd8q?si=iY1Qk8DwTt602bXT3UkQeA"
"310","https://open.spotify.com/episode/1RJt6m6ruwHKZkStjLtXSW?si=kCpZbaFhRcawDViIyH_ncg"
"315","https://open.spotify.com/episode/41fZiyZ7GH57KM2KFCBdGe?si=zYZcMe0MRFy5PnliTXTFYQ"
"312","https://open.spotify.com/episode/4z4Ae9Rd8FDnEwfJujrEyM?si=Ml5rI8hLS-iIJZvXFpZbwA"
"309","https://open.spotify.com/episode/4a4c7kOK4YsRE9OucJkMcw?si=-bTYlYq7SN-kGuFf7WDd2g"
"314","https://open.spotify.com/episode/7zbIznzwBsVoBXSiH2xP96?si=P-FkSjKXQcqiA_3xHe4ZZQ"
"311","https://open.spotify.com/episode/220OmZTyLAdGwznyELn1js?si=2nQzv5IzS02mVKgr9b9_CA"
"317","https://open.spotify.com/episode/1QiYatMLH9wT0GfGzcvoUX?si=nOtkV66DT9Oxm9jSgfQXMw"
"316","https://open.spotify.com/episode/01yOGj2V2LhvImnm16O931?si=Jhu2xHpcTlKF4nbZq70Q3Q"
"321","https://open.spotify.com/episode/4MhvIba1vVWq38gp45sPgl?si=EI0djND-Rqq-CfRyOqFdKw"
"319","https://open.spotify.com/episode/1khjrZUzsRJ6lf3ir6Zak7?si=LOKYlPE5TxGYEuAUXOUeQQ"
"318","https://open.spotify.com/episode/7nmQhHlZTRdTd8FOu02oe4?si=t2cyQ8g2Tg6UG9Jnn4eEFw"
"320","https://open.spotify.com/episode/1fQr8MEiE3zGwgMnt2VudJ?si=PuP_W0-RTey9z1KpAuQopQ"
"322","https://open.spotify.com/episode/3AOxAYN6u9g55GvToPTZoV?si=iJAMHXZJQnWPE55L8Rx9Wg"
"323","https://open.spotify.com/episode/2ChEwqestlsn4sODfYCPbI?si=tg4nSqC9QvW1KuKx3qOanQ"
"324","https://open.spotify.com/episode/0d8APj9avBbQjFsC7hDn06?si=0Jp8PJC8Q_GTV7KIvS6ntQ"
"326","https://open.spotify.com/episode/6VygWAZ92AZkNqP594Rlga?si=hctsG2GdRUq5ICK6DetrtQ"
"329","https://open.spotify.com/episode/09Trm5oiUUiadGZQvWN2Ui?si=15roykSlTlGVL66o_ZDpIQ"
"325","https://open.spotify.com/episode/3nU3dNB2GazVdO8OayRMEW?si=BecgPws2QZqHHINfpTnpqA"
"328","https://open.spotify.com/episode/5HsfcGR6Y4P4kagSpA10NP?si=ht1j1rfdRjyaBlXzk4RgTA"
"327","https://open.spotify.com/episode/4kqJSIf8ntI4ht2eyMmfjx?si=m4uleKr9Rf66dXZ8CpOoSA"
"331","https://open.spotify.com/episode/653dtRevX43EhslBKPAaNV?si=Q1dnbub2SUmilV8FA-K7Ow"
"332","https://open.spotify.com/episode/07PXiCgd33GJ0J0iJLyBTc?si=bkBb_w7URfK5TWTjBTZMig"
"330","https://open.spotify.com/episode/6kuA5tUfvB598Wrl1fiZlR?si=Pr9kYOvwR6K8k3JcWsmstQ"
"333","https://open.spotify.com/episode/5tWz98b5mbpJkOzX9wlIZz?si=zc0UpaNgR7mEvBsPS-Jkng"
"334","https://open.spotify.com/episode/6YncGB3G0ZsEeGffqunJpJ?si=4yyPiS-QTIigEvrl02GIfQ"
"335","https://open.spotify.com/episode/4KlPSB4NYKnTZIamAclQFS?si=KP8iJoBeQPGjVvSvQJ9mSA"
"336","https://open.spotify.com/episode/1D6gugbV3crBQl81f1lEYt?si=JnqPUej1TVO9qnR5yWgghQ"
"337","https://open.spotify.com/episode/6uzn2LmpMHMMzMSio0XUAv?si=TahZWQ04Qy-0bkq2MT6Kxw"
"338","https://open.spotify.com/episode/4yvXvY8B15tQCOF856lY8l?si=kqL_EfgrQiaJu2vhw6bUiw"
"340","https://open.spotify.com/episode/1qZyHcpH20wlnp3ey5NVx4?si=7HxFsmLyT42yghkw--jnzw"
"339","https://open.spotify.com/episode/6NeFiwWiYdLvgOX0L1DOdC?si=lDolE2SqRKen419ushze3g"
"344","https://open.spotify.com/episode/3CS3fP2kByZRt2iJCPn5zd?si=B3saORtjRqi324qPYMsdYw"
"342","https://open.spotify.com/episode/404Fu6j3bJbxxNYPK56oOf?si=ne3iecVLTkqNNl592mjSUA"
"341","https://open.spotify.com/episode/5kg7lLKwgtNW7j56dPpU1b?si=2jNNdBhSQ7Wz2FGZyxD9kg"
"345","https://open.spotify.com/episode/4jbxw7GYMlYmanPRp3SHju?si=JNMIEpQlQguF7bW7GB6s5A"
"343","https://open.spotify.com/episode/5b1pnnnCZkQC3yMAN3l72x?si=7WpMJV-QR7KsL5whnmujuA"
"346","https://open.spotify.com/episode/4EJlV0tyvCxraebVNtCUNW?si=U1mSCvrhRNqJjkjd2OCa-w"
"349","https://open.spotify.com/episode/34DkK6mWn9eMmC19lyidVL?si=zSjCqvhhSmaAYn38EtbcOw"
"348","https://open.spotify.com/episode/2X5ckxof10OvxnaYJ9fLtB?si=rPH2jzYWQBKL4L7mKFJFcQ"
"347","https://open.spotify.com/episode/60vS4HomLfRYWWJwcfGy0p?si=4PtoDRGBRiWncPvxHiJXgg"
"351","https://open.spotify.com/episode/5lgaBLMVeY5HNpEDcU2YRr?si=Q8OmDKaHRo2wn_F96Jpyrw"
"352","https://open.spotify.com/episode/41RpTJqoxbVbqe3pYotMwl?si=7BP7Aqs0RjywOn21bErrOQ"
"353","https://open.spotify.com/episode/0nYCvQX6GVprrtyb6T0tOt?si=b2Oy8-iCS7i6kJ7g5j42vw"
"354","https://open.spotify.com/episode/0PqxABjuw6hS0UzfnUyklY?si=bYT8797qQeeP83nzxyuZng"
"355","https://open.spotify.com/episode/3rgOtGb6rtrZAMX3WGu4rM?si=b1VwdyExS-qF4xD7OeGJLA"
"356","https://open.spotify.com/episode/39BsJJkT02jtXoIV26cMjH?si=3zguovSdT1KQse0ebKI39Q"
"357","https://open.spotify.com/episode/0Aab5fPVoyfvIj1DI3sTbE?si=6H_DnQNRQ_-HZudesCgXMQ"
"358","https://open.spotify.com/episode/5Vj8kI8dZpODwhw3TzuVFo?si=Bmpxw5VoR7uPeKITzWERJQ"
"360","https://open.spotify.com/episode/7lKeJxFBUgxDyng1mrSUqz?si=onPf8ELCQ9ylZ3PzIqbJlw"
"359","https://open.spotify.com/episode/20kP8JN6Shvjf9PAuLnHh4?si=UfF3YYhBT9yB8WdAI56Dbw"
"362","https://open.spotify.com/episode/4b0gkLuKYGbZunDWJ3pAjp?si=ZWe3X1ShQgGu6J5bXbBYDw"
"361","https://open.spotify.com/episode/1fW6V6OwwyHEgNp5zTvIQV?si=xJNp8OlIT1ixKU2do5eJYA"
"363","https://open.spotify.com/episode/3IGrzV9wKyPj1J1akUceEJ?si=J382UJ8RSF-ojZkYAM_4JA"
"350","https://open.spotify.com/episode/0djvDSkoLS99kp9YLyCNWd?si=gyPwZIBQR2ityg5EuO-0GA"
"365","https://open.spotify.com/episode/3bCPSrPv0aNyADD9nt0cz0?si=_TlUm5GkSlqcKzaEd21qZA"
"364","https://open.spotify.com/episode/4afea42x4L9PXofugFRREX?si=pSbwqUzuQBWd4Cbs-po_cg"
"367","https://open.spotify.com/episode/1Pvg2GKOZY82CTmvCEE7tp?si=tN5yQ_SLR6yLmyDu9r_xPg"
"370","https://open.spotify.com/episode/5NJcdTxrxWOMUnGzcUt8PJ?si=VZ10iUwzTM-y0Dy9P9Sxfw"
"368","https://open.spotify.com/episode/30zGfilNPyXr1YlWaljKXJ?si=PUCSukwcQHSTGbLvLp9KLQ"
"369","https://open.spotify.com/episode/3WuM5penJtO2reneTXZAL8?si=P42FIPWBR-uW_Wg8RAjTUQ"
"371","https://open.spotify.com/episode/6em8olZFfV6NiwzS0XkMSO?si=9pwb_rjmReWKjeMmUjgadQ"
"366","https://open.spotify.com/episode/2NUBDT3gFVMXhEy0K8Xwuv?si=IeCoBfdASniljJsKBlR0NQ"
"372","https://open.spotify.com/episode/6z2wYj1st4E4O3T7PFDIBH?si=G5b10DFIRHi4AFBxnRrGSg"
"373","https://open.spotify.com/episode/68g8kXwAw7Cn9lYvQ6wZK2?si=lftt-obVQvWpBQN87fAEDA"
"374","https://open.spotify.com/episode/6aAtbITvPSDOPOUL7GnLmd?si=E2co4ikaTFmcy6K6wsJuww"
"375","https://open.spotify.com/episode/44breelXwg5eLOJxo1LpMN?si=CpVHwSaMTreiniRzV1rulQ"
"377","https://open.spotify.com/episode/6uJOYOWEVyqQLTNaxvFH01?si=67wRZk2IS_KY6vRGvT1H8A"
"379","https://open.spotify.com/episode/2kOApW2WUx1lQkYAWNC188?si=gq450vc5TyGGpX5WcLK3Vg"
"376","https://open.spotify.com/episode/7JYW2Aqh554Dvc44JjH6xc?si=xvfEexGeRPykJtt4UmGzxg"
"380","https://open.spotify.com/episode/1ojONfmBg5t5bUu45kvjP0?si=1uguJyeyRBmhuLsr1vAjbQ"
"378","https://open.spotify.com/episode/6xdxCeeMZ48Ock86YBYFAj?si=RnNAEeX_QuCWejgJhiMb3g"
"382","https://open.spotify.com/episode/7MUNbCdpYdHs4IaJuji28H?si=E-TCEIwGRE6Ueg5_P9wk7w"
"381","https://open.spotify.com/episode/6F6JuVyIVnXNKMnbm57iIx?si=hwzshy5US5Wmd3-2bjzJRg"
"383","https://open.spotify.com/episode/5K5kxR71d7a38Y8ROQAZyA?si=0PaGfmnIQryx0WzhqUOZYw"
"385","https://open.spotify.com/episode/3Y54fUxzw5qR9babqaFQQo?si=GK-C90XfSnqzr1wC8hrGYA"
"384","https://open.spotify.com/episode/1bNmp5phcYXWidZo9TgY5s?si=UAAeMsDsSEu9BAKZiFwa8A"
"387","https://open.spotify.com/episode/57yP1hCTDhOVy6TV7I1WYc?si=X8rALb5VRf61zSB4WCduHA"
"389","https://open.spotify.com/episode/10rgFlmKJDPQvXzxWY4HXH?si=XaelBLxfSTuMfG0kE4kFQw"
"386","https://open.spotify.com/episode/6zzIK7wBJRwg3ZYS07Pon7?si=eEtu67RDTWK_rtWFt5ydUA"
"388","https://open.spotify.com/episode/3OXo3Iy9np4eIcFsGnOgc8?si=CJc4hHPvQdiBtbCwv_EVCg"
"390","https://open.spotify.com/episode/7gImVie9oLhOk0vo6Wj5S4?si=noV0jtmSQuuwo31Ca2ZEfg"
"393","https://open.spotify.com/episode/116QLFEqIb7hOlDF8iW8aR?si=irDn6VmuQamtSwLzdeq7xQ"
"391","https://open.spotify.com/episode/5jckSdBRYcwFnUNZp9BU7w?si=hJ6FqoNOTGGv1d2IwdRksg"
"394","https://open.spotify.com/episode/6XJfKC3vkMkRZb15Geqae7?si=wzM91XmdQWmg563zCkqpsQ"
"395","https://open.spotify.com/episode/42mMDM5gfVRzldBKRmEJBG?si=faxTn4jdRKWQhBybXLe_PQ"
"392","https://open.spotify.com/episode/6dgxuxn6t30jahMfy7KhGv?si=MBxczdB1QWSCsx0tzlxgOw"
"396","https://open.spotify.com/episode/7IBSB0O354COjhVnXkTwu1?si=MGBuxWQhQce4ATz3mYJYSA"
"397","https://open.spotify.com/episode/6k4QRA6klTTXGeU8IQif94?si=_oZqBh4QSCWBuDff4Lc-FQ"
"398","https://open.spotify.com/episode/34n4M0Oa2xlg5rPJdT7fyw?si=YvKR0WG8SICqoFIoVmPQgA"
"399","https://open.spotify.com/episode/7aPfAQfb13HAbGrMqOgmIn?si=WBI1ZYTESoWUHdhEIfTALg"
"400","https://open.spotify.com/episode/0g1ACJAY45hfvGf4eBhRyi?si=OKlvKperRSC1zXmfZ7U_MA"
"402","https://open.spotify.com/episode/4Ag5nFEPB1RTvHAz1tDpnY?si=i7g3nKUJSgaJM89SuMKzkg"
"401","https://open.spotify.com/episode/0KzYuhIxpZkdKBvIgU3aPH?si=-g7PB3tuS_KG1lQCvN-giQ"
"403","https://open.spotify.com/episode/1aC4geKE1LFrPOQBnMU4Jj?si=HEewqaetSZKB2U7l4PyR_w"
"405","https://open.spotify.com/episode/2uxC5D9KqZFq577AvgnIBO?si=3wDVClnqQgGmR2umnMsRvA"
"406","https://open.spotify.com/episode/2SoGMHU4VUVY1HGxhTtAka?si=Gs1r4fixSgKKDHCHBAY1yQ"
"404","https://open.spotify.com/episode/60QBgiiUPdJzlCSoHFkGih?si=iVDYS6eLQsay_rCONQNqnQ"
"408","https://open.spotify.com/episode/2bDlXZ707lN8h79N4Tn1mN?si=0sOHIgpWQ022AXpnpYrlHA"
"407","https://open.spotify.com/episode/45Pff3Ix9S1WpjCMz7ncvq?si=Gb34O3fIRkeygvKY9q5JjA"
"409","https://open.spotify.com/episode/5wKwbLNDFJGYrBBAm7nkZq?si=1QELzNLlTm6Xh8HoesPm_Q"
"411","https://open.spotify.com/episode/7Bgy3rSAC2HrR7u49Yd8mk?si=LLcLaRz-Tw-TwNa9Wxb5_g"
"410","https://open.spotify.com/episode/4QYyVifQ5R6puRIVEP5ciE?si=ETpowfDUTa6-RMsACCDdww"
"413","https://open.spotify.com/episode/7zfYlT1hQTX1sYcIpa7vvT?si=-MKEltMoQLKT_NDLqmrY4Q"
"412","https://open.spotify.com/episode/1skKXqodfj8Ue0W1H6Oevb?si=RdBjHNEuQsSEpbuYbZUQmw"
"414","https://open.spotify.com/episode/26dbL5MEeBovDfgxfJyJoI?si=eTkHCOhnR6q7KWLXey0a4A"
"416","https://open.spotify.com/episode/4uykkTwfYdg2NCWSPAAonM?si=qreuP9jiRV2CxAmHojqAqw"
"415","https://open.spotify.com/episode/74jWHxd4sA1kRD1yxml3DR?si=77qzK_phTsqhIw1MbUJe9w"
"420","https://open.spotify.com/episode/4nUPx0zjZIWwKNfHM7bkl2?si=Zmi6sl_uSQWToOPEfY813w"
"418","https://open.spotify.com/episode/07o0naWnyJziUGgYoyjIUo?si=D1sP3HyHTJukAlgKla_X9A"
"419","https://open.spotify.com/episode/06HoCEEBGCyEoyUZdkr6sy?si=O1oyYm3EThyzxyBuKmhq_w"
"417","https://open.spotify.com/episode/3B2sfk5YrUSfsvdxgh750b?si=R8s94cMVQjmOXSqB9vKAug"
"422","https://open.spotify.com/episode/59D4Z7domRJ7h3iOquGF3F?si=Na9FigdJTdyRUHxYiBWvYQ"
"421","https://open.spotify.com/episode/6jLKIHaJXZIWtBVg5tcQM8?si=Bsl2n-HiSCmEFSpOLtom0Q"
"427","https://open.spotify.com/episode/4FrzYth0JFzu9jc5ku3w6E?si=U-KCA5lAR3mTNbxFNP68Zg"
"424","https://open.spotify.com/episode/53nurNKKiqOgpgNU64i4dt?si=m7O_0A88QFilpyyKVgYlXA"
"423","https://open.spotify.com/episode/4DbesUZRt9pxZ0dYLObj1C?si=uDxdsgfNTP6Awj_g7KY1Ew"
"428","https://open.spotify.com/episode/4fxGxc88K62IZ9z6z2Nfb3?si=qZNbUcV0TCauoBZGlsHpyA"
"426","https://open.spotify.com/episode/3vqXeuZ7HBmQALp1yzqiSa?si=qATKUQ9NS2KLvAuGNnG_zw"
"425","https://open.spotify.com/episode/6pFBXYmyuVW4rD4Z5a9hmS?si=VVlJhJZPQkWTEOjnEb4csg"
"430","https://open.spotify.com/episode/1f7faC23dZO8onCZDbSGpE?si=x4vBi1peT7yfytkcxbRn0A"
"431","https://open.spotify.com/episode/7eevONHJ4LZfVkA940OLZk?si=MX4M5SsrSFGmOqMZJk0cEw"
"429","https://open.spotify.com/episode/41ZjJOGRih0C5mhPq2bwUp?si=WxWIH9P7QDqhVLoS0rfIPw"
"432","https://open.spotify.com/episode/3HpruS4UpBAh1eAuUqzqme?si=CimpbOYzR72o_HJ2YA_5-g"
"433","https://open.spotify.com/episode/1BUGlchsu5pwMGNaDkxrPH?si=wT6fVP0CQIq59Msz2LmrPQ"
"434","https://open.spotify.com/episode/2Iy4QKXbvgxNQEa1AZwVG7?si=jXyqVIrcSr6BZtqodf9ZRw"
"436","https://open.spotify.com/episode/5rkV4gMW7pMiOLC5F4cK3X?si=WoNy9zJ_QjiVQOv56n1eEg"
"435","https://open.spotify.com/episode/67GhKXvkcXkVoTXkzcH0RN?si=sgueMxEPQpew9SD_Iww10w"
"437","https://open.spotify.com/episode/4IA5VWpv5DPtUnqn5TtrUu?si=jDlc8e3hRiqd92ii-PPlpw"
"438","https://open.spotify.com/episode/2PA9T6E18qu8eAgd6Fvc5o?si=rpdcUoTNRCCZXfRwojrBmA"
"440","https://open.spotify.com/episode/0yQZqM5t3Rx7RG9b6EMMSz?si=p7c7BCGHTvGj20KO0oqu7w"
"441","https://open.spotify.com/episode/2VJeYsafZ8NKz0SIyqmy3k?si=1PyXpBV2Qtix5vbaVrk7OQ"
"439","https://open.spotify.com/episode/6hjLGqYO8duzzoMoWTcUJS?si=Xa_1XptkRNKqsl3chwyzkg"
"442","https://open.spotify.com/episode/7FfnreQJWNaLKFN5iZFVHQ?si=qlYIU6Z5RnaFqvpSRtAlCw"
"443","https://open.spotify.com/episode/18XQ5yz24HRtuWjAy4aC1p?si=jQj_zz42RvCZe7Ld07V8kQ"
"444","https://open.spotify.com/episode/0pMJi5KTbAxih7aDcr5p66?si=eiir5n_4RgmsZ2bz5pjGZw"
"446","https://open.spotify.com/episode/1ldYtmAJoAoTZ5ZwYP7Vk6?si=DifOte0yRSOrIYk0lJ589A"
"445","https://open.spotify.com/episode/192gtKy9BFyTg6WWZ9SI86?si=JpHl0LC7QreCzIq_QThXmg"
"447","https://open.spotify.com/episode/1lbO2gDkMOpYqnpj3k5Uc1?si=aVrvZU7PR8W656cWxfKzog"
"448","https://open.spotify.com/episode/1oxBVanmjxkw5jUxLPOkmG?si=Qp1KsYLTSJGQBzrKmja_zQ"
"449","https://open.spotify.com/episode/349mMdBaxPEX9C8Z1VCyE1?si=2fhZ_ihYT3-zqo7tKO1KrA"
"451","https://open.spotify.com/episode/4S16k0xrTlpawLzx4UPD15?si=XiC84VYERu2MFoxfKqAFXg"
"452","https://open.spotify.com/episode/2LTuhLdcM596BDWF8105LF?si=1uOpNgMdRYipR2ImyOwkYA"
"450","https://open.spotify.com/episode/4TvMFGWZMFMnjmF80eLX1V?si=DvRP3rGIQnKBtQHnk7_1RA"
"453","https://open.spotify.com/episode/4terKcll7go2DLjPv53qm5?si=ckceNazlTT28HuO5ZMtyzg"
"454","https://open.spotify.com/episode/16i7rvyKrRkNRZUJbBaC7y?si=McyTbziXSj-SeaNNPmhEpQ"
"456","https://open.spotify.com/episode/7KCI5idmFAR3igr2ToK4Zp?si=vmw6iwpQTBOgmT7EG3RkMw"
"455","https://open.spotify.com/episode/3CGnfvqo1b4dcl3M3urw5O?si=3_iSq8rtTL2Lw1ENuQwbSg"
"459","https://open.spotify.com/episode/2YI6pyHCVKKUp8VMAas5cH?si=Vw0xpNwqSbOpM8JD9phGVg"
"457","https://open.spotify.com/episode/4qO6Inko79b0vpd3FvAhvy?si=GFX_Ge6ZS2mJXoDvk_V6jA"
"460","https://open.spotify.com/episode/3G680Gt7Qkd59O4vsA72ZE?si=5dsbSkaQQo2Xr_IY2FcnMg"
"458","https://open.spotify.com/episode/0CBOqqUeLaOVXzvugMQlnq?si=cCfqXzS0Q027NEuyIwmEnw"
"461","https://open.spotify.com/episode/36d9eeojX2fL1I1gEdYdcc?si=cOOoxBo5TzyIX2hYf_ZfdQ"
"463","https://open.spotify.com/episode/5QBzm69bFF82M7P60v6AqI?si=gvSViQSqQdqKo_OEdHGjEw"
"462","https://open.spotify.com/episode/75iAP7YVAKclaernq3nVAd?si=u9VuvYehRYCW8tVA9Iul8A"
"465","https://open.spotify.com/episode/7Cc3vnAXLfSEctbZ3Ps57V?si=D5RG-ctKQDG9Qol3ZZXqTg"
"467","https://open.spotify.com/episode/2cCafVWahpTk41uj28Ms3v?si=1SgKFwVRTAOVWaH6_gIM7A"
"464","https://open.spotify.com/episode/3RfP7Ksre9s2pgTihp5V27?si=I5Yrcn1QRRaRjA_dBJS41g"
"468","https://open.spotify.com/episode/7F5qJVFsczOaLTdBSfu2jx?si=IKKqaIN4QlK5mvXbk_YGxg"
"466","https://open.spotify.com/episode/3VoRKBfTs7O9KbRHDN3Pjg?si=FGUOhw1DRHCA6T3hMzKkxQ"
"469","https://open.spotify.com/episode/7h4UetG2mqvVAZK6Nu2uGv?si=fQMAP6gTTYuMSpNCcxrnSA"
"470","https://open.spotify.com/episode/6Ut855TXGKbJvKMU46gLHJ?si=Hbc0g3sNRr22_q6VqDcO8w"
"471","https://open.spotify.com/episode/3TcuDuFXb4dhc7JL4B97w3?si=SxQfBzL8Su6bwLve0cyRtw"
"475","https://open.spotify.com/episode/5xG20VF5IC601Veka1h8tS?si=w-m2Ia2vTlK_qFxlqArn1w"
"473","https://open.spotify.com/episode/1WxMYgHkYz1iCgjB13pss1?si=fWCcSjFcR36vkWrSO4YKMQ"
"472","https://open.spotify.com/episode/6aGrloJPL4jfVc0vcLqJcZ?si=-zuzToCGQ7-EgCCcyZbYTw"
"474","https://open.spotify.com/episode/4TdSb3N0a54Z961QEvQwSZ?si=itqeswGhQyqBVgNDqUNdxA"
"476","https://open.spotify.com/episode/3ZnxG853i9nOZFqGk4GZfP?si=H3cGR1wpSBmHzkCVbnPIEQ"
"477","https://open.spotify.com/episode/4Fp0UBMHjBirfnak1qHMcB?si=pgME1oq-TpCld3tQ2qvbFA"
"478","https://open.spotify.com/episode/48TNYzudCuOz3Xl0aneAFC?si=SQHSImY6S5GEh238PaTtaQ"
"480","https://open.spotify.com/episode/3cXHLBHxENy8ns12rk11qF?si=5KQsrIBMToqddetyroKnnQ"
"479","https://open.spotify.com/episode/6tlHYstbN3TjKrdJA77eh4?si=ryJT7XOJRlGd9QOhYjLxTQ"
"481","https://open.spotify.com/episode/15wqUTcrrhRdMrQkwDemwD?si=47fGukpHS5ef0JpZNEiDNw"
"482","https://open.spotify.com/episode/23J9He7x77L87pOBNuW5Go?si=pjTOJlfvSlOlU4g-60lssg"
"484","https://open.spotify.com/episode/52DQzqg2cJBKCvnS54oyCx?si=a5MvLCttRkaelXZKFYR7VA"
"483","https://open.spotify.com/episode/2j2fdcsdHLRH3DGoDufXaW?si=ra8dm1T9S5yozjc4WyIFzQ"
"485","https://open.spotify.com/episode/1ebvmFGq0dvTl1r6BfyBBy?si=vi5X2ySATgejEUWP_m74wg"
"486","https://open.spotify.com/episode/5CjrbEDnY4n5RH0A0I3c0I?si=9a6bpl1aT7WaNoW09BW9CA"
"487","https://open.spotify.com/episode/2DlnGIRltpUqu7B8ZkMnO9?si=tXX8tAdGTLS9Zh2B-ZZyeQ"
"489","https://open.spotify.com/episode/10wIwO4R3PJcOcCVulNznX?si=I3xyBQF4Q-WluveleHg5Ew"
"488","https://open.spotify.com/episode/0k99acqS6AdGQKVvgCUv8a?si=EgEIeSn3Sa2_vZKkwrjE2A"
"491","https://open.spotify.com/episode/42RMpbme9EuYfGC5Ldzlsn?si=CSBI-_YdTq61ywAXXzfRyQ"
"493","https://open.spotify.com/episode/67LPJ9AELgSxNLBgNertzO?si=W6gbvSaRQJWSIlGPJ1-wkg"
"492","https://open.spotify.com/episode/7maInbIjTrFV6aLbNUNrL6?si=YUvSDR3CSKmzAxNjSWjLrg"
"494","https://open.spotify.com/episode/3s0UWahiFJ7c5XPZEkvslr?si=9UFkzYb_QuGwbHPW6kknww"
"490","https://open.spotify.com/episode/5ULDU7l5VZ8zKazn9UMhjB?si=8ccNltuRSxmyP1bOMC7xmQ"
"497","https://open.spotify.com/episode/4nif5INHHhcZa3TG7yESQv?si=LlSpphUpRpqN-1Oie8DUlw"
"498","https://open.spotify.com/episode/5RLDqoOziQLSpSbqFMR3pV?si=RfiMDqrtRVmiG2o1-kmkdg"
"495","https://open.spotify.com/episode/6H4I3Gu63XNggTiaSzgTvc?si=WIOItU9WR9qcHCyJFXP2wA"
"496","https://open.spotify.com/episode/5YVTkCP8a6rfzXNa4sKE0G?si=LwwbPxF1S3mGoOg0kdd7qA"
"499","https://open.spotify.com/episode/02sYRTOrn2vIOhUE8WM34d?si=ZbFiyOoqT7uGzssn1Sdsig"
"500","https://open.spotify.com/episode/2EcDCiNfbLMx88CLHBWnrR?si=ytljDs9ZT9-9wYkaWmdjpA"
"502","https://open.spotify.com/episode/3ezCnL9wOpkjLMk3R2OJZx?si=WjFqM7lLSUeupu0F6FyWPw"
"506","https://open.spotify.com/episode/7MVVSuVWz0yKXk8ot3c7zG?si=ffMTk0QATJ-tpLMS_Rzs0A"
"503","https://open.spotify.com/episode/31djFDkRH5JMRlMEVtYuK5?si=SFBQ0gNqQ_qZE9jqu8NqGQ"
"501","https://open.spotify.com/episode/6E5TNZBcvEu1LWkHQeALLi?si=iw718gNrRP-2ZtzI4n0fIw"
"504","https://open.spotify.com/episode/4AoIGouizcfVlCSt3DrzvI?si=AXPQdefmQz2x1CDOXZH1Aw"
"505","https://open.spotify.com/episode/5wLhYghl96VWAJKWaiyVrh?si=O7x3b4EdSVq2Lmp-J8XbZA"
"507","https://open.spotify.com/episode/6pkQLPvudPTXXHczPg6mUU?si=GsN-DhEwSLC7CMbCkGCJFQ"
"509","https://open.spotify.com/episode/24O0sMaCjYCeOd5JGjsJi4?si=m_Yo9TTdQgm8XPJ-2OQVxw"
"514","https://open.spotify.com/episode/3jim7gJ12E3klRCCPEvysZ?si=dU5xj1NORc6lIHD03E6_IQ"
"508","https://open.spotify.com/episode/4q8NacpOt87ddvFzTR5SJS?si=VstQ84YTTg6sufqR3ahenw"
"510","https://open.spotify.com/episode/3vKallih8Zg1JTXXoC97dG?si=T5CiuTDZTgmeaikJyCXCow"
"512","https://open.spotify.com/episode/33HCO6hwW50wfq5j8Hk2KJ?si=tx08vzTOQiCelmH9RdRk0w"
"513","https://open.spotify.com/episode/0ONnDwKsSx6a62QHd0MQZv?si=v2A6YliJQnC_tDgzK7zORQ"
"511","https://open.spotify.com/episode/0gXzQSyz0YmOrrD0isMFfR?si=vDHGlVV2Rbu9xQaGuiXU2A"
"519","https://open.spotify.com/episode/0NJ086IkAu0j5W7LKYzMZ0?si=dcLZH_ScRXOlZr5pT-2pVA"
"516","https://open.spotify.com/episode/35wscH1wH4VHMWmcPU2gMX?si=rSPVMEPfQv2gaggjErbvGA"
"515","https://open.spotify.com/episode/6ju4X84lpOlNlGXXC1l7Hv?si=gSPnTcWkRBWuhxlctCGXdg"
"517","https://open.spotify.com/episode/4qAyfGDdkOkwKSNMvnC1GO?si=byThlaPlTI6wmXCCC6F7iw"
"520","https://open.spotify.com/episode/4YQcooZMo9ZpHkPTZDPilH?si=VyaMpog_SKSqWrAiQ3Ii8w"
"521","https://open.spotify.com/episode/4vZ5D3bdVzJ6nYjtB3X8vo?si=Ch5xiVooQO2kR0ErNwVgEA"
"518","https://open.spotify.com/episode/1cB71hTE1b6uGYDYC1f3T1?si=9cs9w6PnTaCkKNmIEx78cQ"
"529","https://open.spotify.com/episode/3jfrhEW17vx9q2HxEIu5Lr?si=OL6OVr5TRBG4lmF0G0DlCA"
"523","https://open.spotify.com/episode/2hYwEuG7WXUb4CuhXWpi23?si=6v4Esr_xTW6Ft53lPtxscA"
"525","https://open.spotify.com/episode/28KYh3nfIABLaBf6FHD9Qp?si=WFgT9knZR-yyM224ePq_gA"
"522","https://open.spotify.com/episode/7dYjMGc3xsOxtasE4kFBeN?si=-hQp6W1mSninXeuco0EzXQ"
"524","https://open.spotify.com/episode/5oX5wVHec5ZihDJ3SeTc4t?si=67701czCSpysXuGE7KU2Ng"
"526","https://open.spotify.com/episode/4SzSlMB1mIObrt3W4OOx6D?si=gTkIjXokRHi0ilRKxFg1Xg"
"527","https://open.spotify.com/episode/4WABRrWPacowXnzNb8UpWD?si=kKskR20TRzeBUZmKV7jhvg"
"528","https://open.spotify.com/episode/72GQ2TwtEwKsbCNkxWDCpg?si=oT-OFGvpSM2dzcnGVYNQDg"
"530","https://open.spotify.com/episode/6BelgleBzAZshLterOuPx1?si=l3G8otMaQG6ZgplTxuL0vQ"
"531","https://open.spotify.com/episode/7gy6DB9IQEKRJu4qNzNGv1?si=kQ0ug3dISxK1KkasPMXb0A"
"533","https://open.spotify.com/episode/0cB5lC9bdbG2VVEvhaeKWk?si=iNxkalHqQtCbzDDljpN2ow"
"535","https://open.spotify.com/episode/4BR7LXn2E5n1XGqhDYtbZA?si=p1MS1lm7Q-GD9a-vng1iIw"
"532","https://open.spotify.com/episode/5QyVfCJrivprbbW5NXJ3wE?si=VKChnxR4SgWCZHcOeE3a5A"
"534","https://open.spotify.com/episode/72kwjCGFlUoXWzxSjxBNXG?si=HIdFAHMLT9utr8JpJB1bQA"
"538","https://open.spotify.com/episode/35Wdm6gWT9rJKTG8VIoGLg?si=YWdSWpIOSOyz8zXaa4Ww3g"
"537","https://open.spotify.com/episode/27nDrJWcDDEvjpVAsLKBvJ?si=J_QONIapQLCDY4uMmdycaQ"
"539","https://open.spotify.com/episode/5GVIqDvY2k6t7GiYWQ7zKB?si=9TSdZbK_S4WFLbR2mvij_A"
"536","https://open.spotify.com/episode/6LTk8V3ZGLWk6fEDsLGBlT?si=MV1m-dkWSNC-2pAQX5sc2w"
"540","https://open.spotify.com/episode/0jfL5jWrnTzowE3RE3FJhy?si=Eu2-M1FJQRyUtJf9bK5zPw"
"542","https://open.spotify.com/episode/4m18llAM3W1UROMgsWuWJ6?si=CuzkG1RYTpmtK3sJYhECmw"
"543","https://open.spotify.com/episode/3npxDGsO95aBwXmtpP5Yf1?si=-Z7tBE9HTJuTjNUDlXApSw"
"541","https://open.spotify.com/episode/1I9jFvlmEp2ww8nAXymwVt?si=toYn72jVSQWNz6x4FqiEcA"
