"episode","name"
"1","Interview with 'Hidden Figures' Director Ted Melfi"
"2","Interview With '20th Century Women' Director Mike Mills"
"3","Interview With 'O.J.: Made in America' Director Ezra Edelman"
"4","Barry Jenkins on Crafting the Sincerity of 'Moonlight'"
"5","'A Cure for Wellness' Director Gore Verbinski on Making Something Outside the Box and the Future of the Industry"
"6","Interview With 'Get Out' Director Jordan Peele"
"7","'The Discovery' Director Charlie McDowell"
"8","Jake Johnson and Joe Swanberg on Their New Film 'Win It All'"
"9","'The Lost City of Z' Director James Gray"
"10","'Free Fire' Director Ben Wheatley"
"11","'Sleight' Director J.D. Dillard"
"12","Guy Ritchie and the Challenges of Making 'King Authur'"
"13","Doug Liman on 'The Wall' and Making Movies His Way"
"14","Amy Schumer's Career Arc, and 'Snatched' Director Jonathan Levine"
"15","Modern Horror and 'It Comes at Night' Director Trey Edward Shults"
"16","Female-Powered Comedy With 'Rough Night' Creators Lucia Aniello and Paul W. Downs"
"17","David Lowery's Strange and Beautiful 'A Ghost Story'"
"18","Matt Reeves Puts Humanity in 'The Planet of the Apes'"
"19","Jenny Slate, Gillian Robespierre, and Elisabeth Holm on 'Landline'"
"20","Taylor Sheridan, 'Wind River', and How to Write a Killer Movie"
"21","The Safdie Brothers and 'Good Time,' an Instant New York Classic"
"22","Janicza Bravo and Brett Gelman Channel Rejection and Anxiety to Make 'Lemon'"
"23","Jay Baruchel's Directorial Debut and Making an Authentic Hockey Movie"
"24","'It' Director Andy Muschietti on Adapting Stephen King"
"25","Danny Strong and the Recipe for a Classic Biopic"
"26","Dissecting 'Mother!,' the Most Controversial Movie of the Year"
"27","Stephen Frears and the Inner Workings of the Royal Family"
"28","Darren Aronofsky on Pushing the Envelope"
"29","Noah Baumbach and Capturing the American Family"
"30","Todd Haynes on Growing Up and Going 'Wonderstruck'"
"31","Ruben Ostlund Is Trying to Provoke You"
"32","How to Make a Marvel Movie Funny With 'Thor: Ragnarok' Director Taika Waititi"
"33","Passing Time With Richard Linklater"
"34","Greta Gerwig on 'Lady Bird,' One of the Year's Best Movies"
"35","The Past, Present, and Future of Superhero Movies"
"37","Joe Wright Bounces Back From His Darkest Hour"
"38","Errol Morris's Catnip for Conspiracy Theorists"
"39","Sean Baker's Wondrous 'The Florida Project'"
"40","Was 2007 the Best Year for Film"
"41","'Star Wars: The Last Jedi' Is Just the Beginning for Rian Johnson"
"42","The Best Movies of 2017"
"43","The Urgency of 'The Post' With Screenwriters Liz Hannah and Josh Singer"
"44","Making Kick-Ass Liam Neeson Movies With Director Jaume Collet-Serra"
"45","Oscar Season: The Snubs and Surprises of the Academy Awards Nominations"
"46","The Art of True Crime Documentary with Erin Lee Carr"
"47","'Icarus' Filmmaker Bryan Fogel on Why Russia Won't Be at the Olympics"
"48","The Rise of Alex Ross Perry: From the Art House to the Mouse House"
"49","Why Stop-Motion Animation Takes Forever to Make, With Nick Park"
"50","Yance Force Made 'Strong Island' to Face Down the Past"
"51","'Annihilation', 'Ex Machina', and Alex Garland's Disturbing Sci-Fi Vision"
"52","Is 'Three Billboards' Actually Just 'Crash' 2.0? Plus, Other Oscars Takes"
"53","Jennifer Lawrence's 'Red Sparrow' Transformation With Francis Lawrence"
"54","Cory Finley Breaks From the Stage with 'Thoroughbreds'"
"55","The Best Movies at the SXSW Film Festival"
"56","Cults, Sex, and the American Dream in 'Wild Wild Country'"
"57","Steven Spielberg's Top 5 Movies With Bill Simmons and Chris Ryan"
"58","'Blockers' and the Revival of the Studio Comedy With Kay Cannon"
"59","Life and Death in the American West With 'Lean on Pete' Director Andrew Haigh"
"60","4/20 Special: Jay Chandrasekhar's 'Super Troopers' Return"
"61","William Friedkin Meets a Real-Life 'Exorcist'"
"62","Emergency 'Avengers: Infinity War' Breakdown"
"63","Jason Reitman Is Not Here to Make a Blockbuster"
"64","Making the Melissa McCarthy Machine, With Ben Falcone"
"65","Emergency 'Deadpool 2' Debate"
"66","Making 'First Reformed', the Best Movie of the Year So Far, With Paul Schrader"
"67","'Solo: A Star Wars Story': Instant Analysis"
"68","Truth, Fiction, and a Hollywood Heist Movie, With Bart Layton"
"69","'Hereditary' Is the Most Disturbing Horror Movie in Years, With Ari Aster"
"70","Morgan Neville's Mister Rogers Documentary Reminds Us to Be a Good Neighbor"
"71","'Incredibles 2' and Brad Bird's Super-Powered Return to Pixar"
"72","Do You Love Scary Dinosaurs? J.A. Bayona's 'Jurassic World: Fallen Kingdowm' Has Scary Dinosaurs"
"73","Why 'Sicario' Needed a Sequel, With Stefano Sollima"
"74","'Ant-Man and the Wasp' Goes Big, With Peyton Reed"
"75","Boots Riley's 'Sorry to Bother You' Is a Cinematic Acid Trip"
"76","What Inspires Gus Van Sant"
"77","Bo Burnham's 'Eighth Grade' Captures the Experience of Middle School and Right Now"
"78","Making 'Mission: Impossible' the Best Movie Franchise, With Christopher McQuarrie"
"79","We Actually Fixed the Oscars"
"80","How 'Crazy Rich Asians' Director Jon M. Chu Earned His Spot"
"81","The Summer Movie Awards"
"82","Aneesh Chaganty on Leaving Google to Make 'Searching'"
"83","Michel Gondry Reunites With Jim Carrey in 'Kidding'"
"84","Nicole Holofcener, 'The Land of Steady Habits', and the Characters From Her Own Life"
"85","Ethan Hawke Will 'Blaze' a Trail as a Director, Too"
"86","David Lowery on Directing Robert Redford's Final Film, 'The Old Man and the Gun'"
"87","'A Star Is Born': Instant Analysis"
"88","'The Oath' and Ike Barinholtz's Response to the Chaotic News Cycle"
"89","Paul Dano on Directing His First Film and Adapting Richard Ford's 'Wildlife'"
"90","The Top 5 Streaming Horror Films Right Now with Bill Simmons"
"91","Introducing 'The Oscars Show' and the 2018 Oscar Narratives"
"92","Luca Guadagnino on the Gory Glory of 'Suspiria'"
"93","The Top Five Westerns Since 1993"
"94","'Bohemian Rhapsody' | Exit Survey"
"95","Greg Kinnear on The Bill Simmons Podcast"
"96","Body Horror to the Extreme With 'Overlord' Director Julius Avery"
"97","'Outlaw King' Is Netflix's Foray Into Prestige. Did It Work?"
"98","The Top Five Coen Brothers Films"
"99","'Fantastic Beasts: The Crimes of Grendelwald' | Exit Survey"
"100","Steve McQueen on 'Widows' and Reinventing the Heist Movie"
"101","Steven Caple Jr. on 'Creed II', the Rocky Franchise, and Making a Great Sports Movie"
"102","Do the Oscars Need 'Star' Power - and 'Black Panther' - to Thrive?"
"103","John Krasinski on 'A Quiet Place' and the Question of a Sequel"
"104","The Golden Globes Nominations: Surprises and Snubs"
"105","The Top 10 Films of the Year"
"106","The Kevin Hart Fiasco and the Best Performance of 2018 With Wesley Morris"
"107","Barry Jenkins on 'If Beale Street Could Talk' and Life After 'Moonlight'"
"108","'Spider-Man: Into the Spider-Verse': One of the Best Superhero Movies Ever"
"109","'Roma', 'The Mule', and the Mailbag"
"110","It's Time for 'Mary Poppins Returns' Fever | Exit Survey"
"111","'Aquaman': The Weird, Sort of Good (?) Future of Comic Book Movies | Exit Survey"
"112","The 'Vice' Backlash and the Oprah Bounce"
"113","Our Golden Globes Predictions, Plus 'Cold War' Director Pawel Pawlikowski"
"114","Adam McKay on 'Vice', Power, Comedy, and Criticism"
"115","Instant Reactions to a Truly Ludicrous Golden Globes"
"116","Top Five L.A. Movies, Plus Karyn Kusama on 'Destroyer'"
"117","What Does Best Picture Even Mean?"
"118","A Fyre Festival Documentary Arms Race, and Bing Liu on Creating 'Minding the Gap'"
"119","M. Night Shyamalan's 'Glass' Is a Twist on Superhero Box Office Power | Exit Survey"
"120","Oscar Nominations: What We Know and What We Don't"
"121","Are the Oscars in a State of Crisis"
"122","'Velvet Buzzsaw' Director Dan Gilroy on Genre-Hopping with Netflix"
"123","'The Wife'-a-Palooza, Plus Barry Alexander Brown on Editing 'BlacKkKlansman'"
"124","The Most Unpredictable Oscar Race, Plus the Directors of 'Free Solo'"
"125","The Top Five Steven Soderbergh Films"
"126","The Oscars Are Removing Four Categories From the Telecast. Why? Plus a Conversation With Nominee Nicholas Britell"
"127","The Case for a 'Black Panther' Best Picture Win, Plus a Conversation With Nominee Ruth E. Carter"
"128","The 2019 Oscars: Final Ballot Predictions"
"129","The 2019 Oscar Narratives, Explained"
"130","Pro Wrestling Goes to the Movies, Plus Stephen Merchant on 'Fighting With My Family'"
"131","Oscars 2019: Instant Reactions to 'Green Book' and the Two Warring Academies"
"132","The Oscars Aftermath Mailbag, Plus Neil Jordan on 'Greta'"
"133","'Leaving Neverland', Spielberg's Oscar Battle with Netflix, and the Best Movies of 2019 So Far"
"134","'Captain Marvel' Is a '90s Nostalgia Play. Did It Work? | Exit Survey"
"135","'Us' and the Best Movies at SXSW, Plus Sebastian Lelio on 'Gloria Bell'"
"136","Ben Affleck | Career Arc"
"137","Jordan Peele on 'Us'"
"138","A Deep Reading of Jordan Peele's 'Us' (Feat. SPOILERS) | Exit Survey"
"139","Top Five Movies of 1999, Plus David Modligliani on 'Running With Beto'"
"140","'Captain America: The First Avenger' | Marvel Month"
"141","Bill Hader on 'Barry', and Mary Kay Place and Kent Jones on 'Diane'"
"142","Matthew McConaughey | Career Arc"
"143","'The Avengers' | Marvel Month"
"144","'Shazam!' and the Future of the DCEU With David F. Sandberg"
"145","Top Five Rock Movies, Plus Elisabeth Moss and Alex Ross Perry on 'Her Smell'"
"146","'Guardians of the Galaxy' | Marvel Month"
"147","'Avengers: Age of Ultron' | Marvel Month"
"148","The Oscars Schedule Changes, and Andrew Garfield On 'Under the Silver Lake'"
"149","'Spider-Man: Homecoming' | Marvel Month"
"150","'Avengers: Endgame': Emergency Deep Dive (SPOILER) | Exit Survey"
"151","'Avengers: Endgame' Has Overwhelmed Hollywood. Is that OK?"
"152","Charlize Theron, Plus an Interview With 'Long Shot' Director Jonathan Levine | Career Arc"
"153","'Endgame' Reigns in Theaters, While Netflix Rules at Home - What's the Future? Plus 'Extremely Wicket, Shockingly Evil, and Vile' Director Joe Berlinger"
"154","'Pokemon Detective Pikachu' Exit Survey, Plus Werner Herzog on His Epic Career"
"155","The WTF Movies of 2019 So Far"
"156","Making 'John Wick: Chapter 3 – Parabellum' With Chad Stahelski, and Watching It With Shea Serrano"
"157","'Booksmart' Bonanza and the Best High School Movies, With Olivia Wilde, Beanie Feldstein, and More"
"158","Will Smith's 'Aladdin': Why Does This Movie Exist? | Exit Survey"
"159","'Booksmart' Bombed. Why Couldn't the Internet Save It? Plus, the Oscar Favorites at the Cannes Film Festival"
"160","'Rocketman' Sings, but Will It Soar? | Exit Survey"
"161","A 'Chernobyl' Deep Dive With Creator Craig Mazin and Mallory Rubin"
"162","The Failure of 'Dark Phoenix' and the End of X-Men Movies ... For Now | Exit Survey"
"163","Why 'Dark Phoenix' Flopped and 'Late Night' Works, Plus Joe Talbot on 'The Last Black Man in San Francisco'"
"164","#ReleaseTheSnyderCut, Dylan and Scorsese's Netflix Deep Fake, and Jim Jarmusch on 'The Dead Don't Die'"
"165","Is 2019 the Worst Movie Summer Ever? 'Men in Black: International' Isn't Helping"
"166","'Toy Story 4' Is a Masterpiece. Is It in Pixar's Top 5?"
"167","Why Horror Is Bigger Than Ever, Plus: Gary Dauberman on 'Annabelle Comes Home'"
"168","The Best Movies of 2019 So Far. Plus, 'Yesterday' Deletes the Beatles"
"169","'Spider-Man: Far From Home' Is Here, and So Is the Future of MCU (SPOILERS) | Exit Survey"
"170","Making 'Midsommar', A Deep Dive Into the Movie Freakout of the Year"
"171","Are We Headed for a 2020 Oscars Disaster? Plus: How Disney Runs the Movie World, and Jesse Eisenberg and Riley Stearns on 'The Art of Self-Defense'"
"172","The Making of an Action Star in 2019, Plus: Reviving Action-Comedy and 'Stuber' With Director Michael Dowse"
"173","The Theatrical Movie Business Is a Disaster, So 'The Farewell' Is a Miracle, With Lulu Wang"
"174","We're Debating 'The Lion King' in 2019. Why? | Exit Survey"
"175","Top Five Quentin Tarantion Films. Plus: David Crosby, Cameron Crowe, and A.J. Eaton on 'David Crosby: Remember My Name'"
"176","'Once Upon a Time in Hollywood' Is Quentin Tarantino's Most Sentimental Film Yet (SPOILERS) | Exit Survey"
"177","Making 'Hobbs and Shaw' the Action Movie Event of the Summer, With David Leitch"
"178","'Spider-Man: Into the Spider Verse' vs. 'Sense and Sensibility'. Plus: Avid Belkin on 'Mike Wallace Is Here'"
"179","The 'Once Upon A Time In Hollywood' Take Cycle, Reviewed"
"180","Mailbag Special: Favorite Acting Performances Ever, Lingering Tarantino Thoughts, and the Dark Future of the Movie Business"
"181","Top Five Springsteen Songs, 'The Hunt' Cancellation, Trailer Breakdowns, and 'Blinded by the Light' With Gurinder Chadha"
"182","Why 'Where'd You Go, Bernadette' Fell Prey to the Summer Box Office Slump. Plus: Making 'Read or Not' With Radio Silence"
"183","Spider-Man Is Out of the MCU and Movies Are in a State of IP Crisis. Plus: Ben Berman on Untangling 'The Amazing Johnathan Documentary'"
"184","The Future of 'Star Wars', Marvel, Pixar, and Disney's Movie Monopoly. Plus, Our Summer Movie Awards and Paul Downs Colaizzo on 'Brittany Runs a Marathon'"
"185","The Five Most Anticipated Movies of the Fall Festivals. Plus: 'The Irishman' Is Almost Here... and It's Three and a Half Hours Long"
"186","The Best Movies at the Telluride Film Festival and the Triumphant Return of the Oscars Show"
"187","Top Five Stephen King Movies and the Most Anticipated Movies at the Toronto International Film Festival"
"188","An 'It Chapter Two' Deep Dive, 'Joker' at Venice, and Big Winners at the Toronto International Film Festival"
"189","'Hustlers' Is Undeniable and So Is Jennifer Lopez, Oscar Contender"
"190","Oscar Bait Reborn: 'Hustlers' Cashes In, 'The Goldfinch' Flops Hard, and 'Jojo Rabbit' Hops into the Best Picture Race"
"191","'Ad Astra' Is a Masterpiece, and Brad Pitt Has Won 2019. Plus: James Gray on Making His Space Epic."
"192","'Downton Abbey', 'Breaking Bad', and Why TV Is Still Jealous of Movies"
"193","'Star Wars' Goes Marvel, 'Judy' Goes for Oscar, and J.Lo Goes Running to the Super Bowl"
"194","'The Irishman' Is (Almost) Here, Eddie Murphy Is Back, and 'Diego Maradona' Scores"
"195","A 'Joker' Deep Dive (SPOILERS)"
"196","The 'Joker' Aftermath and Martin Scorsese's Marvel Movie Mishegas"
"197","Top Five Will Smith Movies and the Bizarre Truth of 'Gemini Man'"
"198","'Parasite' Is the Movie of the Year - Will the Oscars Agree?"
"199","What Do Disney Sequels, Zombies, a Nazi Comedy, and Steven Soderbergh Have in Common"
"200","200th Episode Mailbag Spectacular: Our Dream Double Features and Francis Ford Coppola's Marvel Throwdown"
"201","The 10 Best Horror Movies of the Decade"
"202","Eleven Reckless Oscar Predictions. Plus: Bong Joon-ho!"
"203","Top Five Martin Scorsese Movies. Plus: Edward Norton!"
"204","Netflix's 'The Irishman' Is Alive and Well - Are Movie Theaters Dead? Plus: Antonio Banderas!"
"205","'Marriage Story' Destroyed Us. Plus: Noah Baumbach on His Divorce Opus."
"206","Will Disney+ and Netflix Force the Academy Awards to Recognize Straming? Plus: Why 'Doctor Sleep' Dozed Off"
"207","Top Five Matt Damon Movies and James Mangold on 'Ford v Ferrari'"
"208","The Seven ""on the Bubble"" Oscar Contenders. Plus: #ReleaseTheSnyderCut ... or Something"
"209","The Tom Hanks Hall of Fame. Plus: The Snubs and Surprises of the Independent Spirit Award Nominations."
"210","Top Five Murder Mysteries. Plus: Rian Johnson on 'Knives Out'"
"211","The Top 10 Movies of the Decade"
"212","'The Irishman' Is NOT Too Long. Plus: Predicting the Golden Globe Nominations."
"213","The Top Five Movies of the Year"
"214","Golden Globes Nominations Snubs and Surprises"
"215","Netflix + Michael Bay = 2019's Wildest Movie a.k.a '6 Underground'"
"216","'Bombshell', 'Richard Jewell', and What Happens When Movies Mess With the Media"
"217","'Star Wars: The Rise of Skywalker' Emergency Deep Dive (SPOILERS)"
"218","'Cats': Seriously, WTF?"
"219","Why 'Little Women' Matters. Plus: Greta Gerwig!"
"220","The Genius of 'Uncut Gems'. Plus: the Safdie Brothers!"
"221","Was 2019 the Best Movie Year of the Decade? Plus: 'The Rise of Skywalker' Aftermath."
"222","2020 Golden Globes Predictions"
"223","2020 Golden Globes: Winners and Losers"
"224","Predicting the Nominations For the 2020 Oscars"
"225","The Snubs and Surprises of the 92nd Academy Award Nominations"
"226","'1917' and the Roger Deakins Hall of Fame (SPOILERS)"
"227","The 20 Most Anticipated Movies of 2020"
"228","'Parasite' vs. '1917': The Best Picture Showdown Is Here. Plus: It's Mailbag Time"
"229","The 15 Most Anticipated Movies at Sundance. Plus: Randy Newman!"
"230","Has '1917' Already Locked Up Best Picture? And Is That Bad for the Academy Awards?"
"231","The Five Most Important Movies at Sundance"
"232","The Idiot's Guide to Winning Best Picture. Plus: We Make the Case for 'Parasite'."
"233","Our Alternative Academy Awards"
"234","Predicting the 2020 Oscars"
"235","The 2020 Oscars: Holy S***, 'Parasite' Won!"
"236","Have the Academy Awards Changed for Good? A Post-'Parasite' Oscars Mailbag"
"237","Welcome to Dumpuary: Breaking Down a Bad Movie Buffet"
"238","Introducing the Movie Director Game, With Sam Esmail"
"239","Top Five Movie Soundtrack Needle Drops. Plus: Robbie Robertson"
"240","The Monster Movie Hall of Fame and 'The Invisible Man'"
"241","Ben Affleck and Life After Batman in 2020; Plus: Bill Simmons on 'The Invisible Man'"
"242","Top Five Mark Wahlberg Movies: Say Hi to Your Mother for Us"
"243","How the Coronavirus Is Affecting the Movie Industry. Plus: 'Onward' and the Future of Pixar"
"244","Hollywood Is Pressing Pause. So Stream These Movies."
"245","Movie Theaters Are Closed. When They Reopen, Will the Movies Follow?"
"246","100 Movies for You: A Streaming Recommendation Mega-Mailbag"
"247","We're Watching Every New Movie at Home Now. Is That a Good Thing? Plus: Bill Simmons on 'The Hunt'."
"248","The Movie Star Ranking: 35 Under 35"
"249","Screw It, We're Giving Out 2021 Oscars Right Now"
"250","100 Years of Genius: The Toshiro Mifune Hall of Fame"
"251","Movie Swap: 'Aliens' vs. 'Four Weddings and a Funeral'"
"252","Criterion Channel Is a Streaming Miracle. Here are 25 Movies You Should Watch Now"
"253","Movie Apocalypse: 'Trolls World Tour' Is the Most Important Film of 2020"
"254","Top 10 Horny Quarantine Erotic Thrillers"
"255","The Curious Case of 'Molly's Game' and Netflix"
"256","Top 10 Original Netflix Movies"
"257","Beastie Boys Made a Movie. We Made a Beastie Boys Podcast."
"258","Emergency Mailbag: The Oscars Are Streaming and Hollywood Is Fighting Over Trolls"
"259","Objection! Top 10 Courtroom Dramas"
"260","'Extraction' and the 10 Best Movies Released During Quarantine"
"261","Ahoy! The Top Five Movies Set at Sea"
"262","Bane, Venom, and 'Capone': The Tom Hardy Hall of Fame"
"263","Can Christopher Nolan's 'Tenet' Reopen Theaters?"
"264","The Snyder Cut Will Be Released! But Why? Plus: How to Watch 100 Classic Movies."
"265","Top Five All-in-One-Day Movies and 'The Lovebirds'"
"266","HBO Max Isn't TV - It's Movie Paradise. Here Are 25 You Should Watch."
"267","The Importance of Spike Lee"
"268","Spike Lee's 'Da 5 Bloods': The Most Important Movie of 2020"
"269","'Tenet' and the Oscars Are Delayed. What's Next?"
"270","'The King of Staten Island' and the Judd Apatow Hall of Fame"
"271","A Screenwriting King and the Queen of Movie Podcasts"
"272","So... 'Tenet'? Plus: Top Five Movies About Making Movies"
"273","The Best Movies of 2020 ... So Far"
"274","'Hamilton' Is a Movie. Or Is It? Plus: Remembering Ennio Morricone."
"275","The Dad Movie Hall of Fame. Plus: the Kickass Action of 'The Old Guard'"
"276","'Palm Springs' Is The Year's Most Fun Movie. Plus: Introducing 'The Connect' With Shea Serrano and Jason Concepcion"
"277","Top Five Summertime Movies"
"278","Celebrating 'Scott Pilgrim vs. the World' 10 Years Later With Edgar Wright"
"279","Introducing the Movie Draft: 2010 Edition"
"280","10 Predictions About the Future of Movies Plus: Ron Howard!"
"281","The F**k, Marry, Kill Game: Oliver Stone Movies"
"282","Are Movie Theaters Screwed?"
"283","Top Five Apocalypse Movies, Plus the Return of James Gray"
"284","Ben Affleck's Next Movie and Five Behind-the-Scenes Hollywood Stories We Want"
"285","The Movie of the Year Is Here: 'Boys State'"
"286","Movie Theaters Are Reopening. Is America Ready? Plus: RZA!"
"287","'The Batman' Is Coming and the 2011 Movie Draft Is Here"
"288","Are Movies the New TV? A Podcast Crossover Special, Part 1. Plus: Keanu Reeves and Alex Winter!"
"289","Top Five Christopher Nolan Movies and a 'Tenet' Review From Canada"
"290","Top Five Hitchcock Movies and 'Psycho' at 60"
"291","Did Disney's 'Mulan' Experiment Work? A Binge Mode Investigation"
"292","Breaking Down 'I'm Think of Ending Things', With Charlie Kaufman"
"293","Let's Talk 'Tenet'"
"294","The Oscars Show Returns: The Five Best Movies at the Fall Festivals... So Far"
"295","The David Fincher Rankings, Part I"
"296","The David Fincher Rankings, Part II"
"297","The 2012 Movie Draft"
"298","Top Five Movie Dads"
"299","'Dune' and James Bond Are Delayed. Here Are 10 Ways to Save the 2021 Oscars."
"300","The Nancy Meyers Hall of Fame"
"301","300th Episode Ask-Us-Anything Mailbag Spectacular"
"302","Aaron Sorkin Top 5s and 'The Trial of the Chicago 7'"
"303","'Hubie Halloween' and 25 Horror Movies Classics"
"304","The Sofia Coppola Rankings and 'On the Rocks'"
"305","'Borat Subsequent Movefilm' Is the Movie America Deserves"
"306","The 2013 Movie Draft. Plus: Sofia Coppola and Rashida Jones!"
"307","RIP, Sean connery. Plus: 'Mank' Oscars Preview and 20 Classic Election Movies"
"308","'Dazed and Confused': Making a Modern Movie Classic, With Richard Linklater"
"309","Introducing the Garbage Crime Movie Oscars. Plus: Brandon Cronenberg!"
"310","Mailbag Special: 25 Movies You Should Stream Now"
"311","The Fate of 'Wonder Woman 1984' and Top-Five Gambling Movies"
"312","'The Queen's Gambit', 'Small Axe', and the Top Five Miniseries of 2020"
"313","'Hillbilly Elegy' and the 10 Types of Oscar Bait You Meet in Hell"
"314","The 2014 Movie Draft: CR's Revenge"
"315","Bonus Episode: Errol Morris on 'Dr. Strangelove', Donald Trump, LSD, and America"
"316","'Mank' Week: The Importance of 'Citizen Kane' and Orson Welles"
"317","Emergency Pod: Did Movie Theaters Just Die? Why Warner Bros. Is Dropping Its 2021 Releases on HBO Max"
"318","'Mank' Is Here. Does David Fincher's Movie Live Up to the Hype?"
"319","The Top Five Movies of 2020"
"320","The Steven Soderbergh Rankings, Featuring Steven Soderbergh!"
"321","Hollywood Is at War with Itself. Plus: The Inaugural ""You Blew It!"" Movie Awards."
"322","Rewatching 'Tenet' (at Home) in the Year of Christopher Nolan. Plus: Steve McQueen!"
"323","The Top 20 Performances of 2020 and 'Ma Rainey's Black Bottom'"
"324","The George Clooney Hall of Fame. Plus: Carey Mulligan and Emerald Fennell!"
"325","'Wonder Woman 1984' Is Here, on HBO Max. Plus: Paul Greengrass!"
"326","The 1995 Movie Draft"
"327","The Genius of Pixar's 'Soul' and 'Wonder Woman 1984' Backlash"
"328","'The Godfather Coda' and Top Five Director's Cuts"
"329","The 20 Most Anticipated Movies of 2021"
"330","Thirteen Awards Movies to Watch Out for, Oscar Do-Overs, and More From the Mailbag"
"331","Top 10 Stage-to-Screen Movies and 'One Night in Miami'"
"332","The MCU Comes to TV: A Guide to 'WandaVision'"
"333","The End of Dumpuary? 10 Early-2021 Streaming Movie Recommendations"
"334","The 2015 Movie Draft. Plus: Amanda Seyfried!"
"335","Top Five Denzel Washington Movies and 'The Little Things'"
"336","Snubs, Surprises, and WTFs of the Golden Globe Nominations, With Mark Harris"
"337","Awards Season Has Gone Cuckoo. Plus: The 10 Best Movies at Sundance."
"338","A 'Malcolm & Marie' Meltdown With John David Washington and Sam Levinson. Plus: 'The Sound of Music', Finally."
"339","Top Five Biopics and the Brilliance of 'Judas and the Black Messiah'"
"340","The Movie Star Ranking: 35 Over 35, Part 1"
"341","The Movie Star Ranking: 35 Over 35, Part II"
"342","The 1984 Movie Draft and the Power of 'Nomadland'"
"343","10 Fearless Golden Globes Predictions and the Magic of 'Minari'"
"344","The Winners, Losers, and WTFs of the Golden Globes"
"345","The 'Promising Young Woman' Conversation. Plus: Delroy Lindo!"
"346","The Eddie Murphy Hall of Fame. Plus: Mads Mikkelsen!"
"347","'WandaVision': What Worked, What Didn't, and What's Next With Mallory Rubin"
"348","Ten Ways to Save the 2021 Academy Awards Mailbag Special"
"349","The Snubs and Surprises of the Academy Award Nominations"
"350","The Snyder Cut commentary: A 'Zach Snyder's Justice League' Watch-along"
"351","The Best Movie of 2021 So Far, and a Chuck Klosterman Theory of Film"
"352","Top Five Gen X Director Debuts, the Fate of 'Black Widow', and a Potential Oscars Disaster"
"353","The 2016 Movie Draft: Three the Hard Way"
"354","'Godzilla vs. Kong' and Top Five Blockbusters"
"355","Five Reasons Movie Theaters Are ... Back?! Plus, the World of Wong Kar-Wai."
"356","Top Five Cult Movies, 'Bad Trip', and 'The Empty Man'"
"357","The 2011 Oscars Were a Travesty. Let's Fix That."
"358","Introducing the 2021 Movie Auction"
"359","The Second Annual Alternative Academy Awards (a.k.a. The Big Picks!), With Wesley Morris"
"360","The Oscar Winners Draft: 2000s Edition"
"361","25 Oscar Predictions That Will Win You Cash"
"362","Best Actor Goes to Who??? The Winners, Losers, and WTFs of the Academy Awards"
"363","17 Questions About 'Mortal Kombat' and the Worst Video Game Movies Ever"
"364","We Have to Blow Up the Oscars and Start Again"
"365","Top Five Spy Movies and 'Without Remorse'"
"366","The 'Tenet' Commentary: yratnemmoC 'teneT' ehT"
"367","The Best Picture Match Game With Sam Esmail"
"368","Top Five Animated Movies of the 21st Century and 'The Mitchells vs. The Machines'"
"369","Top Five Movie Twists and Bill Simmons on 'Those Who Wish Me Dead'"
"370","'Army of the Dead' and Top Five Zombie Movies"
"371","The 2017 Movie Draft"
"372","'Cruella' and the Emma Stone Hall of Fame. Plus: The Future of James Bond"
"373","We Went Back to the Movies to See 'A Quiet Place Part II'! And it Rocked."
"374","Top Five Threequels and 'The Conjuring: The Devil Made Me Do It'"
"375","Bo Burnham's 'Inside', Five New Movies to Stream, and the First Couple of 'The Big Picture'"
"376","Top 10 Movie Musicals and 'In the Heights'"
"377","'Loki' and 10 Ways to Build the Perfect Streaming Service"
"378","Top Five Movies Time Forgot. Plus: Why the Beatles Movie Is NO Longer a Movie."
"379","The 1975 Movie Draft"
"380","'Fast 9' and the 'Fast & Furious' Rankings"
"381","Quentin Tarantino on 'Once Upon a Time in Hollywood' ... the Book!"
"382","Top 5 Heist Movies and 'No Sudden Move'"
"383","Top Five Movies of 2021 So Far. Plus: Questlove on 'Summer of Soul'"
"384","'Black Widow' Is Finally Here. Was It Worth the Wait?"
"385","The Brian De Palma Top 10 and 'Blow Out' at 40"
"386","The Return of the Movie Auction!"
"387","Top Five Music Documentaries and 'Woodstock'99: Love, Peace, and Rage'"
"388","Movie Swap: 'Terminator 2: Judgement Day' and 'Titanic'. Plus: 'The Green Knight'!"
"389","The 2007 Movie Draft"
"390","The M. Night Shyamalan Rankings and 'Old'"
"391","Top Five Summer 2021 Movies and Everything Sean Missed While He Was Out"
"392","'Dune', 'Spider-Man: No Way Home' and the Best Trailers of 2021"
"393","'Shang-Chi and the Legend of the Ten Rings' and the 10 Movies to See Before It"
"394","The 20 Most Anticipated Fall Movies and the Winners of the Telluride Film Festival"
"395","The Prestige Dirtbag Movie: A Celebration"
"396","The 2004 Movie Draft"
"397","Top 5 Clint Eastwood Movies and 'Cry Macho'"
"398","Top-Five Actor Transformations, 'The Eyes of Tammy Faye', and the Horrifying Future of Awards Shows"
"399","The 2021 Movie Star Ranking: 35 Under 35. Plus, the Catastrophe of 'Dear Evan Hansen'."
"400","A 400th Episode ""Ask Us Anything"" Mailbag Extravaganza"
"401","Top Five 'Sopranos' Episodes and 'The Many Saints of Newark' With David Chase"
"402","'Venom: Let There Be Carnage' and Top 5 Comic Book Movie Sequels"
"403","'No Time to Die' and Top Five James Bond Movies"
"404","The 1998 Movie Draft: A Time for Betrayal"
"405","Let's Rank the Horror Franchises. Plus: 'Halloween Kills'."
"406","Top 5 Movie Duos and Why 'The Last Duel' Rules"
"407","Top Five Wes Anderson Movies and 'The French Dispatch'"
"408","Dune. DUNE. DUNE!"
"409","The Edgar Wright Rankings and 'Last Night in Soho' With Edgar Wright!"
"410","The 1994 Mega-Movie Draft"
"411","'Eternals' Is a Big Miss. But is Marvel Too Big to Fail?"
"412","Top Five Movie Robots, 'Finch', and the Awful Truth About Hollywood"
"413","The Royal Movie Hall of Fame and 'Spencer'"
"414","10 Irrational Best-Picture Oscar Predictions and Why 'Belfast' Is the Front-Runner"
"415","'King Richard' and Top 5 Sports Movies With Bill Simmons"
"416","'Ghostbusters: Afterlife', 'tick, tick... Boom!', and Our Top Five Feel-Good Movies"
"417","'House of Guccie' and Top 5 Ridley Scott Movies"
"418","'Licorice Pizza' and the Paul Thomas Anderson Rankings"
"419","'The Beatles: Get Back' and Our Fab 5 Beatles Albums"
"420","The Holiday Movie Draft"
"421","Top Five Movies of 2021. Plus: Denis Villeneuve on 'Dune'!"
"422","Top Five Movie Soundtracks"
"423","'West Side Story' and Top Five Steven Spielberg Movies"
"424","The Leonardo DiCaprio Hall of Fame and 'Don't Look Up' With Adam McKay"
"425","'Spider-Man: No Way Home' Is Here!"
"426","Spider-Man's Mega Box Office, Aaron Sorkin's 'Being the Ricardos', and Best Picture Power Rankings"
"427","'Scream': The Oral History"
"428","'The Matrix Resurrections' and the Wachowski Movie Rankings"
"429","'Encanto' and the 10 Most Underrated Movies of 2021"
"430","Year-End Mailbag! The Top 10 Performances, Trailers, and Needle Drops of 2021"
"431","'Spider-Man: No Way Home' for Best Picture - Why the Hell Not?"
"432","The 22 Most Anticipated Movies of 2022"
"433","Let's Talk 'Licorice Pizza'"
"434","The Bradley Cooper Hall of Fame and the 'House of Guccie' Oscars Surge"
"435","'The Tragedy of Macbeth' and the Coen Brothers Movie Rankings"
"436","The 2022 Movie Auction!"
"437","'Reservoir Dogs' at 30 and the Legacy of Sundance '92"
"438","Ten Movies to Stream, Best Picture Power Rankings, and an Ask Amanda Mailbag"
"439","The Best Movie of 2022 So Far and 10 Sundance Films You Need to Know"
"440","Netflix's Big Move Year, 'Jackass Forever', and the Five Greatest 'Jackass' Stunts of All Time"
"441","The 2022 Oscar Nominations: Snubs, Surprises, and WTFs!"
"442","The Top 10 Junk Sci-Fi Movies, 'Moonfall', and Michael Man's 'Ferrari'"
"443","The Best Super Bowl Trailers and Movies in the '90s, According to Chuck Klosterman"
"444","The 21st Century Action Hero Hall of Fame"
"445","'Texas Chainsaw Massacre' and the Most Extreme, Disreputable Movies Ever"
"446","The 2018 Movie Draft"
"447","Best Picture Power Rankings and the Oscars Take Purge. Plus: 'jeen-yuhs: A Kanye Trilogy'"
"448","'The Batman' Is Here!"
"449","'The Batman' and Batman Movie Rankings"
"450","The 'Free Guy' Watch-along"
"451","Top Five Best Picture Winners and Why 'The Power of the Dog' Is This Year's Front-runner"
"452","Top Five Film Scores. Plus: Hans Zimmer on 'Dune'!"
"453","'X', 'Deep Water', 'Turning Red', and 10 New Movies You Need to See Now"
"454","The 1990s Oscar Winners Draft. Plus: Ryusuke Hamaguchi"
"455","The 2022 Oscar Predictions: Who Will Win and Who Should"
"456","The 2022 Oscars: The Smack Heard 'Round the World"
"457","Life After the Slap: A Post-Oscars Mailbag"
"458","Top Five Vampire Movies and 'Morbius'"
"459","Movie Swap: 'Fargo' vs. 'The English Patient'"
"460","Top Five Action Movie Scenes and the Madness of Michael Bay's 'Ambulance'"
"461","'Everything Everywhere All at Once' and Top Five Most Audacious Movies"
"462","The 2003 Movie Draft"
"463","'The Northman', and the Top 5 Revenge Movies With Robert Eggers!"
"464","The Nicolas Cage Hall of Fame and 'The Unbearable Weight of Massive Talent'"
"465","'Nightmare Alley' and Our Favorite Films Noir, With Patton Oswalt!"
"466","'Spider-Man', 'The Evil Dead', and the Sam Raimi Rankings"
"467","'Doctor Strange in the Multiverse of Madness' Is Here!"
"468","Ask Sean Anything Mailbag: 'Avatar 2', 10 Exciting Under-40 Directors, and 'Everything Everywhere All at Once' at the Oscars"
"469","The Stephen King Movie Hall of Fame"
"470","The 1992 Movie Draft"
"471","'Ex Machina', 'Annihilation', and 'Men': The Mind-bending Movies of Alex Garland"
"472","The Tom Cruise Hall of Fame"
"473","'Top Gun: Maverick' Is Here!"
"474","'Top Gun: Maverick': 100 Things We Loved About It"
"475","The Most Awesome Movie of 2022, and 10 More to Stream Right Now. Plus, David Cronenberg!"
"476","Top Five Adam Sandler Moview and 'Hustle'"
"477","'Jurassic World: Dominion' and the Jurassic Movie Rankings"
"478","The 2009 Movie Draft"
"479","'Spiderhead' and the Five Netflix Movies That Matter"
"480","'Lightyear' and Five Signs of the Streaming Movie Apocalypse"
"481","'Elvis', 'Walk Hard' and Top Five Music Biopics"
"482","The Ethan Hawke Hall of Fame and 'The Black Phone'"
"483","The 10 Best Movies of 2022 ... So Far"
"484","The Effing Minions Episode and Top 5 Movies We'll Show Our Kids"
"485","'Thor: Love and Thunder' Is Here!"
"486","Thor: Love and Thunder' and Five Ways to Fix the Marvel Crisis"
"487","The 2022 Movie Auction Returns!"
"488","John Carpenter's 'The Thing' at 40, With John Carpenter!"
"489","'Nope' With Jordan Peele!"
"490","The 1987 Mega-Movie Draft With Quentin Tarantino and Roger Avary!"
"491","'The Gray Man' and the Top 10 Trash Special Ops Movies"
"492","Five News Films to Stream, 'Top Gun: Maverick' for Best Picture, and a Summer Movie Mailbag"
"493","'Bullet Train' and the Top 5 Movies Set on a Train"
"494","'Prey' and the 'Predator' Movie Rankings"
"495","Top Five ""One Crazy Night"" Movies and 'Bodies Bodies Bodies'"
"496","The 20 Most Anticipated Movies of Fall 2022"
"497","Our Top 5 Fantasy Favorites: 'Lord of the Rings', 'House of the Dragon', and 'Three Thousand Years of Longing'"
"498","The Sylvester Stallone Hall of Fame With Bill Simmons"
"499","The 2005 Upside-Down Movie Draft"
"500","10 Way-Too-Early Oscar Predictions and the Best Movies at Telluride"
"501","500th Episode Call-In Spectacular!"
"502","'Barbarian'!!!"
"503","The 1980s Comedy Movie Draft"
"504","'The Woman King' and 10 Movies to See Now. Plus: The Best and Worst Films at TIFF."
"505","The 'Don't Worry Darling' Fiasco"
"506","'Blonde' and the Top 5 Essential Marilyn Monroe Movies"
"507","'Bros' and Our Top Five 21st Century Comedies"
"508","The Great 'Avatar' Debate With Blank Check's Griffin Newman and David Sims"
"509","The Most Exciting (and Baffling) Movies of Awards Season, Plus the Genius of 'Andor'"
"510","The David Lynch Episode"
"511","The Horror Movie Draft"
"512","'Halloween Ends' and the 'Halloween' Movie Rankings"
"513","The Julia Roberts Hall of Fame and 'Ticket to Paradise'"
"514","'Black Adam': The Worst Movie of the Decade?"
"515","'Tár' Is the Movie of 2022. Here's Why."
"516","Ten Movies to See Right Now. Plus, James Gray Returns!"
"517","'The Banshees of Inisherin' and Top 5 Movie Friendships"
"518","The 2022 Movie Star Rankings: 35 Under 35, Revisted"
"519","'Black Panther: Wakanda Forever' Is Here!"
"520","The 1997 Movie Draft"
"521","Mega Mailbag: 'She Said', Best Journalism Movies, and an Oscars Power Ranking"
"522","How to Direct a Movie, With Sam Esmail"
"523","The Steven Spielberg Rankings and 'The Fabelmans'"
"524","'The Menu', 'Bones and All', and 20 Movies We Missed From 2022"
"525","Best Picture Power Rankings: Let the Games Begin"
"526","The Top Five Movies of 2022"
"527","A 'Big Pic' Gift Guide: 10 Blu-rays Every Human Needs. Plus: Park Chan-wook!"
"528","The Snubs and Surprises of the Golden Globe Noms, 'The Whale', and the Brendan Fraser Hall of Fame"
"529","James Cameron: An Oral History"
"530","'Avatar: The Way of Water' and the James Cameron Rankings"
"531","The 10 Actors Who Won 2022. Plus: 'Bardo'!"
"532","The 2019 Movie Draft"
"533","'Glass Onion: A Knives Out Mystery' and the Top Five Puzzle Movies"
"534","'Babylon', 'White Noise', and 10 Oscars Contenders to Stream Now"
"535","The Top 10 Animated Movies of 2022 and 'Guillermo del Toro's Pinocchio'"
"536","The 23 Most Anticipated Movies of 2023"
"537","Best Picture Power Rankings: An 'Avatar: The Way of Water' Surge and a Suprise No. 1"
"538","The 2023 Golden Globes: Hollywood's Messiest Night Returns"
"539","'M3GAN', Plus Five Shocking Awards Season Twists"
"540","Top Five War Movies and 'All Quiet on the Western Front'"
"541","The 2023 Movie Auction. Plus: Damien Chazelle on 'Babylon'!"
"542","The 2023 Oscar Nominations: Snubs, Surprises, and WTFs"
"543","The Oscar Nominations Hangover and the Top 10 Movies at Sundance"
"544","'Plane' and the Top 10 Sky Trash Movies"
"545","'Knock at the Cabin' and the Shyamalan Double Features, With M. Night Shyamalan!"
"546","Best Picture Power Rankings and a Deeply Weird Best Actress Investigation"
"547","'Magic Mike's Last Dance' and the Top Five Dance Movies"
"548","The 1993 Mega Movie Draft"
"549","'Ant-Man and the Wasp: Quantumania' Is Here! But Is Marvel's Future Here Too?"
"550","Diving Deep Into 'Avatar: The Way of Water' and 'Triangle of Sadness'"
"551","'Cocaine Bear' and the Top Five Cocaine Movies"
"552","The 2023 Alternative Oscars, A.K.A the Big Picks!"
"553","'Creed III' and the Top 10 Boxing Movies"
"554","The 'Dark Knight Rises' Watch-Along"
"555","Oscar Predictions: Who Will and Should Win at the Academy Awards"
"556","The 2023 Oscars: Everything Everywhere All the Academy Awards"
"557","The Oscar Hangover Mailbag: An Unrealistic 2024 Preview and How to Improve the Show"
"558","'Scream VI' and the Scream Movie Rankings"
"559","The Movie Star Playbook: Adam Driver Edition. Plus: Did the Superhero Era Just Die?"
"560","The Keanu Reeves Hall of Fame and 'John Wick: Chapter 4'"
"561","The 2008 Movie Draft"
"562","'Dungeons & Dragons: Honor Among Thieves' Is … Good. But Are Movies Just Brands Now?"
"563","'The Super Mario Bros. Movie' Is Here! Is Our Video Game Movie Future?"
"564","The Magic of 'Air' and the Return of Ben Affleck and Matt Damon"
"565","The Two Best Movies of 2023 So Far, and 10 More We Missed. Plus: Michelle Williams and Kelly Reichardt!"
"566","Movie Swap: 'Casablanca' vs. 'The In-Laws' vs. 'Spy Kids'"
"567","The 10 Best Horror Movies So Far This Year. Plus: 'Renfield,' 'The Pope's Exorcist,' and 'Evil Dead Rise.'"
"568","'Beau Is Afraid': The Most Audacious and Polarizing Movie of the Year, With Ari Aster!"
"569","The 1990s Summer Blockbuster Movie Draft"
"570","Top Five Coming-of-Age Movies and 'Are You There God? It's Me, Margaret'"
"571","The Top 10 Garbage Lads Movies and 'Guy Ritchie's The Covenant'"
"572","Can 'Guardians of the Galaxy Vol. 3' Salvage Marvel's No Good, Very Bad Year?"
"573","'Dune: Part Two' and 'Oppenheimer' Hype, How the Writers Strike Affects Movies, Too-Early Oscar Predictions, and a 'Guardians Vol. 3' Hangover"
"574","The Movie Star Rankings: 35 Over 35, Revisited"
"575","The 10 Most Anticipated Movies of Summer 2023, and the Most Surprising Film of the Year So Far"
"576","'Fast X' and the Desecration of Movies. Plus: Paul Schrader!"
"577","The Robert De Niro Movie Draft"
"578","'Killers of the Flower Moon' Hype at Cannes and Five Must-See May Movies. Plus: Julia Louis-Dreyfus!"
"579","Movies Vs. TV in 2023: What the 'Succession' Finale Says About Storytelling Now. Plus: A Pointless 'Little Mermaid.'"
"580","'Spider-Man: Across the Spider-Verse' Is Here to Save Us"
"581","'Past Lives,' the Start of Oscar Season, and the Top Five Most Romantic Movies of All Time"
"582","Ask Sean Anything Mailbag, 'Transformers: Rise of the Beasts,' Five New Movies to Stream, and the 'Barbie'-'Oppenheimer' Hierarchy"
"583","The 2001 Movie Draft"
"584","'The Flash' Is Here! Is It the ""Greatest Superhero Movie Ever""?"
"585","'Asteroid City' and the Wes Anderson Movie Rankings"
"586","Jennifer Lawrence's Movie Star Playbook and 'No Hard Feelings'"
"587","The Harrison Ford Hall of Fame"
"588","'Indiana Jones and the Dial of Destiny' and the Indy Movie Rankings"
"589","The 10 Best Movies of 2023 ... So Far"
"590","The 2023 Movie Auction Returns!"
"591","10 Movies We Missed This Year"
"592","'Mission: Impossible – Dead Reckoning Part One' Is Here, and It's Spectacular"
"593","The 'Mission: Impossible' Mailbag, and Movie Rankings"
"594","'Barbie' + 'Oppenheimer,' a.k.a. Barbenheimer, Is Upon Us!"
"595","The 'Oppenheimer' Deep Dive"
"596","The 'Barbie' Deep Dive With Greta Gerwig!"
"597","The Movie Star Liquor Taste Test"
"598","The Top 5 Scariest Summer Movies and 'Talk to Me'"
"599","Sharks, Alligators, Piranhas, and the Top 10 Garbage Fish Movies"
"600","Prologue | Do We Get to Win This Time?"
"601","1. Give 'Em Hell | Do We Get to Win This Time?"
"602","2. I Just Don't Talk About It | Do We Get to Win This Time?"
"603","3. What a Strange Country | Do We Get to Win This Time?"
"604","4. Little by Little, We Went Insane | Do We Get to Win This Time?"
"605","5. Nothing Is Over | Do We Get to Win This Time?"
"606","6. I Am Reality | Do We Get to Win This Time?"
"607","7. Ain't War Hell? | Do We Get to Win This Time?"
"609","'Dune 2' Pushed Back, Barbenheimer's $2 Billion, and Everything We Missed While We Were Out"
"610","The 2006 Movie Draft"
"611","10 Way-Too-Early Oscar Predictions and the Best Movies at Telluride and Venice"
"612","600th Episode Mega Mailbag Extravaganza"
"613","The Denzel Washington Draft"
"614","The 20 Most Intriguing Movies of the Fall and the Best of the Toronto International Film Festival"
"615","'A Haunting in Venice' and the Top 5 Haunted House Movies"
"616","The Top 10 Garbage Cash Movies and 'Dumb Money'"
"617","'Stop Making Sense' and the Top 5 Concert Films"
"618","The 21st Century Sci-Fi Canon, 'The Creator,' and 'No One Will Save You'"
"619","The Martin Scorsese Hall of Fame"
"620","The Horror Oscars and 'The Exorcist: Believer'"
"621","Best Picture Power Rankings and Wes Anderson's Oscar Chances"
"622","Why We Need Sex Scenes in Movies and 'Fair Play'"
"623","'Taylor Swift: The Eras Tour' Is Here. Is It Worthy of the Hype?"
"624","'Killers of the Flower Moon' Is Astounding"
"625","The Lawyer Movie Draft With Griffin Newman and David Sims of 'Blank Check'"
"626","Introducing the Big Oscar Bet. Plus, A Halloween Mega-Mailbag."
"627","Did 'Five Nights at Freddy's' Just Save Movies? Plus: The Emily Blunt Movie Star Playbook."
"628","The David Fincher Movie Draft"
"629","Best Picture Power Rankings and 'Priscilla' With Sofia Coppola!"
"630","'The Killer' Is Cold-Blooded Genius. And Something More"
"631","'The Marvels' Is Here. Is It Too Late for the MCU?"
"632","The Ridley Scott Hall of Fame. Plus: Errol Morris!"
"633","'The Holdovers' and 'The Hunger Games.' Plus: Eli Roth!"
"634","'Napoleon' and the Top Five ""Great Men"" Movies"
"635","'Saltburn': Iconic or Disastrous? Plus: Alexander Payne!"
"636","The Aggressive Majesty of 'May December' and Beyoncé's 'Renaissance'"
"637","The Top Five Movies of 2023"
"638","The Power of 'Godzilla Minus One' and an Awards Season Mega-Mailbag"
"639","Julia Roberts (!) and Sam Esmail on 'Leave the World Behind.' Plus: Golden Globes Snubs, Surprises, and WTFs."
"640","'The Boy and the Heron' and Top Five Miyazaki Movies. Plus: An 'Anatomy of a Fall' Deep Dive."
"641","'Wonka' and the Timothee Chalamet Movie Star Playbook. Plus: Jonathan Glazer on 'The Zone of Interest.'"
"642","The 2020 Movie Draft"
